timestamp_utc,frequency_hz,power_db_smoothed
2026-07-10T01:20:55.563681+00:00,1419500819,-69.842
2026-07-10T01:20:55.563681+00:00,1419502284,-69.811
2026-07-10T01:20:55.563681+00:00,1419503749,-69.759
2026-07-10T01:20:55.563681+00:00,1419505214,-69.792
2026-07-10T01:20:55.563681+00:00,1419506678,-69.875
2026-07-10T01:20:55.563681+00:00,1419508143,-69.821
2026-07-10T01:20:55.563681+00:00,1419509608,-69.856
2026-07-10T01:20:55.563681+00:00,1419511073,-69.824
2026-07-10T01:20:55.563681+00:00,1419512538,-69.836
2026-07-10T01:20:55.563681+00:00,1419514003,-69.82
2026-07-10T01:20:55.563681+00:00,1419515467,-69.778
2026-07-10T01:20:55.563681+00:00,1419516932,-69.808
2026-07-10T01:20:55.563681+00:00,1419518397,-69.823
2026-07-10T01:20:55.563681+00:00,1419519862,-69.829
2026-07-10T01:20:55.563681+00:00,1419521327,-69.787
2026-07-10T01:20:55.563681+00:00,1419522792,-69.757
2026-07-10T01:20:55.563681+00:00,1419524257,-69.748
2026-07-10T01:20:55.563681+00:00,1419525721,-69.704
2026-07-10T01:20:55.563681+00:00,1419527186,-69.741
2026-07-10T01:20:55.563681+00:00,1419528651,-69.764
2026-07-10T01:20:55.563681+00:00,1419530116,-69.733
2026-07-10T01:20:55.563681+00:00,1419531581,-69.759
2026-07-10T01:20:55.563681+00:00,1419533046,-69.696
2026-07-10T01:20:55.563681+00:00,1419534510,-69.741
2026-07-10T01:20:55.563681+00:00,1419535975,-69.771
2026-07-10T01:20:55.563681+00:00,1419537440,-69.736
2026-07-10T01:20:55.563681+00:00,1419538905,-69.674
2026-07-10T01:20:55.563681+00:00,1419540370,-69.676
2026-07-10T01:20:55.563681+00:00,1419541835,-69.654
2026-07-10T01:20:55.563681+00:00,1419543300,-69.653
2026-07-10T01:20:55.563681+00:00,1419544764,-69.646
2026-07-10T01:20:55.563681+00:00,1419546229,-69.717
2026-07-10T01:20:55.563681+00:00,1419547694,-69.717
2026-07-10T01:20:55.563681+00:00,1419549159,-69.688
2026-07-10T01:20:55.563681+00:00,1419550624,-69.683
2026-07-10T01:20:55.563681+00:00,1419552089,-69.642
2026-07-10T01:20:55.563681+00:00,1419553553,-69.632
2026-07-10T01:20:55.563681+00:00,1419555018,-69.69
2026-07-10T01:20:55.563681+00:00,1419556483,-69.606
2026-07-10T01:20:55.563681+00:00,1419557948,-69.635
2026-07-10T01:20:55.563681+00:00,1419559413,-69.67
2026-07-10T01:20:55.563681+00:00,1419560878,-69.653
2026-07-10T01:20:55.563681+00:00,1419562342,-69.651
2026-07-10T01:20:55.563681+00:00,1419563807,-69.617
2026-07-10T01:20:55.563681+00:00,1419565272,-69.642
2026-07-10T01:20:55.563681+00:00,1419566737,-69.658
2026-07-10T01:20:55.563681+00:00,1419568202,-69.67
2026-07-10T01:20:55.563681+00:00,1419569667,-69.578
2026-07-10T01:20:55.563681+00:00,1419571132,-69.602
2026-07-10T01:20:55.563681+00:00,1419572596,-69.617
2026-07-10T01:20:55.563681+00:00,1419574061,-69.594
2026-07-10T01:20:55.563681+00:00,1419575526,-69.527
2026-07-10T01:20:55.563681+00:00,1419576991,-69.539
2026-07-10T01:20:55.563681+00:00,1419578456,-69.547
2026-07-10T01:20:55.563681+00:00,1419579921,-69.508
2026-07-10T01:20:55.563681+00:00,1419581385,-69.486
2026-07-10T01:20:55.563681+00:00,1419582850,-69.48
2026-07-10T01:20:55.563681+00:00,1419584315,-69.538
2026-07-10T01:20:55.563681+00:00,1419585780,-69.542
2026-07-10T01:20:55.563681+00:00,1419587245,-69.56
2026-07-10T01:20:55.563681+00:00,1419588710,-69.546
2026-07-10T01:20:55.563681+00:00,1419590175,-69.527
2026-07-10T01:20:55.563681+00:00,1419591639,-69.513
2026-07-10T01:20:55.563681+00:00,1419593104,-69.509
2026-07-10T01:20:55.563681+00:00,1419594569,-69.508
2026-07-10T01:20:55.563681+00:00,1419596034,-69.5
2026-07-10T01:20:55.563681+00:00,1419597499,-69.508
2026-07-10T01:20:55.563681+00:00,1419598964,-69.464
2026-07-10T01:20:55.563681+00:00,1419600428,-69.478
2026-07-10T01:20:55.563681+00:00,1419601893,-69.507
2026-07-10T01:20:55.563681+00:00,1419603358,-69.459
2026-07-10T01:20:55.563681+00:00,1419604823,-69.469
2026-07-10T01:20:55.563681+00:00,1419606288,-69.457
2026-07-10T01:20:55.563681+00:00,1419607753,-69.411
2026-07-10T01:20:55.563681+00:00,1419609217,-69.435
2026-07-10T01:20:55.563681+00:00,1419610682,-69.458
2026-07-10T01:20:55.563681+00:00,1419612147,-69.435
2026-07-10T01:20:55.563681+00:00,1419613612,-69.508
2026-07-10T01:20:55.563681+00:00,1419615077,-69.455
2026-07-10T01:20:55.563681+00:00,1419616542,-69.448
2026-07-10T01:20:55.563681+00:00,1419618007,-69.448
2026-07-10T01:20:55.563681+00:00,1419619471,-69.47
2026-07-10T01:20:55.563681+00:00,1419620936,-69.422
2026-07-10T01:20:55.563681+00:00,1419622401,-69.392
2026-07-10T01:20:55.563681+00:00,1419623866,-69.388
2026-07-10T01:20:55.563681+00:00,1419625331,-69.378
2026-07-10T01:20:55.563681+00:00,1419626796,-69.392
2026-07-10T01:20:55.563681+00:00,1419628260,-69.392
2026-07-10T01:20:55.563681+00:00,1419629725,-69.409
2026-07-10T01:20:55.563681+00:00,1419631190,-69.371
2026-07-10T01:20:55.563681+00:00,1419632655,-69.36
2026-07-10T01:20:55.563681+00:00,1419634120,-69.403
2026-07-10T01:20:55.563681+00:00,1419635585,-69.446
2026-07-10T01:20:55.563681+00:00,1419637050,-69.402
2026-07-10T01:20:55.563681+00:00,1419638514,-69.367
2026-07-10T01:20:55.563681+00:00,1419639979,-69.321
2026-07-10T01:20:55.563681+00:00,1419641444,-69.375
2026-07-10T01:20:55.563681+00:00,1419642909,-69.358
2026-07-10T01:20:55.563681+00:00,1419644374,-69.357
2026-07-10T01:20:55.563681+00:00,1419645839,-69.331
2026-07-10T01:20:55.563681+00:00,1419647303,-69.37
2026-07-10T01:20:55.563681+00:00,1419648768,-69.366
2026-07-10T01:20:55.563681+00:00,1419650233,-69.373
2026-07-10T01:20:55.563681+00:00,1419651698,-69.339
2026-07-10T01:20:55.563681+00:00,1419653163,-69.444
2026-07-10T01:20:55.563681+00:00,1419654628,-69.395
2026-07-10T01:20:55.563681+00:00,1419656092,-69.356
2026-07-10T01:20:55.563681+00:00,1419657557,-69.347
2026-07-10T01:20:55.563681+00:00,1419659022,-69.358
2026-07-10T01:20:55.563681+00:00,1419660487,-69.343
2026-07-10T01:20:55.563681+00:00,1419661952,-69.331
2026-07-10T01:20:55.563681+00:00,1419663417,-69.321
2026-07-10T01:20:55.563681+00:00,1419664882,-69.279
2026-07-10T01:20:55.563681+00:00,1419666346,-69.263
2026-07-10T01:20:55.563681+00:00,1419667811,-69.31
2026-07-10T01:20:55.563681+00:00,1419669276,-69.373
2026-07-10T01:20:55.563681+00:00,1419670741,-69.297
2026-07-10T01:20:55.563681+00:00,1419672206,-69.256
2026-07-10T01:20:55.563681+00:00,1419673671,-69.255
2026-07-10T01:20:55.563681+00:00,1419675135,-69.273
2026-07-10T01:20:55.563681+00:00,1419676600,-69.288
2026-07-10T01:20:55.563681+00:00,1419678065,-69.27
2026-07-10T01:20:55.563681+00:00,1419679530,-69.244
2026-07-10T01:20:55.563681+00:00,1419680995,-69.275
2026-07-10T01:20:55.563681+00:00,1419682460,-69.227
2026-07-10T01:20:55.563681+00:00,1419683925,-69.263
2026-07-10T01:20:55.563681+00:00,1419685389,-69.258
2026-07-10T01:20:55.563681+00:00,1419686854,-69.279
2026-07-10T01:20:55.563681+00:00,1419688319,-69.304
2026-07-10T01:20:55.563681+00:00,1419689784,-69.308
2026-07-10T01:20:55.563681+00:00,1419691249,-69.247
2026-07-10T01:20:55.563681+00:00,1419692714,-69.258
2026-07-10T01:20:55.563681+00:00,1419694178,-69.169
2026-07-10T01:20:55.563681+00:00,1419695643,-69.185
2026-07-10T01:20:55.563681+00:00,1419697108,-69.197
2026-07-10T01:20:55.563681+00:00,1419698573,-69.132
2026-07-10T01:20:55.563681+00:00,1419700038,-69.142
2026-07-10T01:20:55.563681+00:00,1419701503,-69.113
2026-07-10T01:20:55.563681+00:00,1419702967,-69.127
2026-07-10T01:20:55.563681+00:00,1419704432,-69.202
2026-07-10T01:20:55.563681+00:00,1419705897,-69.175
2026-07-10T01:20:55.563681+00:00,1419707362,-69.19
2026-07-10T01:20:55.563681+00:00,1419708827,-69.175
2026-07-10T01:20:55.563681+00:00,1419710292,-69.159
2026-07-10T01:20:55.563681+00:00,1419711757,-69.189
2026-07-10T01:20:55.563681+00:00,1419713221,-69.202
2026-07-10T01:20:55.563681+00:00,1419714686,-69.176
2026-07-10T01:20:55.563681+00:00,1419716151,-69.145
2026-07-10T01:20:55.563681+00:00,1419717616,-69.16
2026-07-10T01:20:55.563681+00:00,1419719081,-69.109
2026-07-10T01:20:55.563681+00:00,1419720546,-69.181
2026-07-10T01:20:55.563681+00:00,1419722010,-69.187
2026-07-10T01:20:55.563681+00:00,1419723475,-69.185
2026-07-10T01:20:55.563681+00:00,1419724940,-69.185
2026-07-10T01:20:55.563681+00:00,1419726405,-69.149
2026-07-10T01:20:55.563681+00:00,1419727870,-69.192
2026-07-10T01:20:55.563681+00:00,1419729335,-69.136
2026-07-10T01:20:55.563681+00:00,1419730800,-69.126
2026-07-10T01:20:55.563681+00:00,1419732264,-69.128
2026-07-10T01:20:55.563681+00:00,1419733729,-69.138
2026-07-10T01:20:55.563681+00:00,1419735194,-69.157
2026-07-10T01:20:55.563681+00:00,1419736659,-69.198
2026-07-10T01:20:55.563681+00:00,1419738124,-69.166
2026-07-10T01:20:55.563681+00:00,1419739589,-69.123
2026-07-10T01:20:55.563681+00:00,1419741053,-69.122
2026-07-10T01:20:55.563681+00:00,1419742518,-69.156
2026-07-10T01:20:55.563681+00:00,1419743983,-69.121
2026-07-10T01:20:55.563681+00:00,1419745448,-69.068
2026-07-10T01:20:55.563681+00:00,1419746913,-69.118
2026-07-10T01:20:55.563681+00:00,1419748378,-69.018
2026-07-10T01:20:55.563681+00:00,1419749842,-69.057
2026-07-10T01:20:55.563681+00:00,1419751307,-69.074
2026-07-10T01:20:55.563681+00:00,1419752772,-69.093
2026-07-10T01:20:55.563681+00:00,1419754237,-69.105
2026-07-10T01:20:55.563681+00:00,1419755702,-69.066
2026-07-10T01:20:55.563681+00:00,1419757167,-69.08
2026-07-10T01:20:55.563681+00:00,1419758632,-69.066
2026-07-10T01:20:55.563681+00:00,1419760096,-69.123
2026-07-10T01:20:55.563681+00:00,1419761561,-69.127
2026-07-10T01:20:55.563681+00:00,1419763026,-69.056
2026-07-10T01:20:55.563681+00:00,1419764491,-69.099
2026-07-10T01:20:55.563681+00:00,1419765956,-69.104
2026-07-10T01:20:55.563681+00:00,1419767421,-69.072
2026-07-10T01:20:55.563681+00:00,1419768885,-69.062
2026-07-10T01:20:55.563681+00:00,1419770350,-69.108
2026-07-10T01:20:55.563681+00:00,1419771815,-69.096
2026-07-10T01:20:55.563681+00:00,1419773280,-69.05
2026-07-10T01:20:55.563681+00:00,1419774745,-68.966
2026-07-10T01:20:55.563681+00:00,1419776210,-69.007
2026-07-10T01:20:55.563681+00:00,1419777675,-69.038
2026-07-10T01:20:55.563681+00:00,1419779139,-69.075
2026-07-10T01:20:55.563681+00:00,1419780604,-69.075
2026-07-10T01:20:55.563681+00:00,1419782069,-69.055
2026-07-10T01:20:55.563681+00:00,1419783534,-69.032
2026-07-10T01:20:55.563681+00:00,1419784999,-69.027
2026-07-10T01:20:55.563681+00:00,1419786464,-69.041
2026-07-10T01:20:55.563681+00:00,1419787928,-69.063
2026-07-10T01:20:55.563681+00:00,1419789393,-69.039
2026-07-10T01:20:55.563681+00:00,1419790858,-68.993
2026-07-10T01:20:55.563681+00:00,1419792323,-69.0
2026-07-10T01:20:55.563681+00:00,1419793788,-68.995
2026-07-10T01:20:55.563681+00:00,1419795253,-69.052
2026-07-10T01:20:55.563681+00:00,1419796717,-69.08
2026-07-10T01:20:55.563681+00:00,1419798182,-69.05
2026-07-10T01:20:55.563681+00:00,1419799647,-69.029
2026-07-10T01:20:55.563681+00:00,1419801112,-69.008
2026-07-10T01:20:55.563681+00:00,1419802577,-68.943
2026-07-10T01:20:55.563681+00:00,1419804042,-68.975
2026-07-10T01:20:55.563681+00:00,1419805507,-68.97
2026-07-10T01:20:55.563681+00:00,1419806971,-68.998
2026-07-10T01:20:55.563681+00:00,1419808436,-69.005
2026-07-10T01:20:55.563681+00:00,1419809901,-69.02
2026-07-10T01:20:55.563681+00:00,1419811366,-69.009
2026-07-10T01:20:55.563681+00:00,1419812831,-68.997
2026-07-10T01:20:55.563681+00:00,1419814296,-69.064
2026-07-10T01:20:55.563681+00:00,1419815760,-68.998
2026-07-10T01:20:55.563681+00:00,1419817225,-68.938
2026-07-10T01:20:55.563681+00:00,1419818690,-68.976
2026-07-10T01:20:55.563681+00:00,1419820155,-68.96
2026-07-10T01:20:55.563681+00:00,1419821620,-68.941
2026-07-10T01:20:55.563681+00:00,1419823085,-68.995
2026-07-10T01:20:55.563681+00:00,1419824550,-69.04
2026-07-10T01:20:55.563681+00:00,1419826014,-69.027
2026-07-10T01:20:55.563681+00:00,1419827479,-68.965
2026-07-10T01:20:55.563681+00:00,1419828944,-68.906
2026-07-10T01:20:55.563681+00:00,1419830409,-68.95
2026-07-10T01:20:55.563681+00:00,1419831874,-68.938
2026-07-10T01:20:55.563681+00:00,1419833339,-68.977
2026-07-10T01:20:55.563681+00:00,1419834803,-68.96
2026-07-10T01:20:55.563681+00:00,1419836268,-68.989
2026-07-10T01:20:55.563681+00:00,1419837733,-69.017
2026-07-10T01:20:55.563681+00:00,1419839198,-68.929
2026-07-10T01:20:55.563681+00:00,1419840663,-68.963
2026-07-10T01:20:55.563681+00:00,1419842128,-69.0
2026-07-10T01:20:55.563681+00:00,1419843592,-69.035
2026-07-10T01:20:55.563681+00:00,1419845057,-69.036
2026-07-10T01:20:55.563681+00:00,1419846522,-69.012
2026-07-10T01:20:55.563681+00:00,1419847987,-68.933
2026-07-10T01:20:55.563681+00:00,1419849452,-68.937
2026-07-10T01:20:55.563681+00:00,1419850917,-68.931
2026-07-10T01:20:55.563681+00:00,1419852382,-69.013
2026-07-10T01:20:55.563681+00:00,1419853846,-68.944
2026-07-10T01:20:55.563681+00:00,1419855311,-68.945
2026-07-10T01:20:55.563681+00:00,1419856776,-68.931
2026-07-10T01:20:55.563681+00:00,1419858241,-68.933
2026-07-10T01:20:55.563681+00:00,1419859706,-68.959
2026-07-10T01:20:55.563681+00:00,1419861171,-68.896
2026-07-10T01:20:55.563681+00:00,1419862635,-68.91
2026-07-10T01:20:55.563681+00:00,1419864100,-68.966
2026-07-10T01:20:55.563681+00:00,1419865565,-68.97
2026-07-10T01:20:55.563681+00:00,1419867030,-69.0
2026-07-10T01:20:55.563681+00:00,1419868495,-68.953
2026-07-10T01:20:55.563681+00:00,1419869960,-68.991
2026-07-10T01:20:55.563681+00:00,1419871425,-68.914
2026-07-10T01:20:55.563681+00:00,1419872889,-68.907
2026-07-10T01:20:55.563681+00:00,1419874354,-68.937
2026-07-10T01:20:55.563681+00:00,1419875819,-68.94
2026-07-10T01:20:55.563681+00:00,1419877284,-68.919
2026-07-10T01:20:55.563681+00:00,1419878749,-68.906
2026-07-10T01:20:55.563681+00:00,1419880214,-68.921
2026-07-10T01:20:55.563681+00:00,1419881678,-68.974
2026-07-10T01:20:55.563681+00:00,1419883143,-68.876
2026-07-10T01:20:55.563681+00:00,1419884608,-68.888
2026-07-10T01:20:55.563681+00:00,1419886073,-68.88
2026-07-10T01:20:55.563681+00:00,1419887538,-68.91
2026-07-10T01:20:55.563681+00:00,1419889003,-68.907
2026-07-10T01:20:55.563681+00:00,1419890467,-68.955
2026-07-10T01:20:55.563681+00:00,1419891932,-68.91
2026-07-10T01:20:55.563681+00:00,1419893397,-68.891
2026-07-10T01:20:55.563681+00:00,1419894862,-68.96
2026-07-10T01:20:55.563681+00:00,1419896327,-68.936
2026-07-10T01:20:55.563681+00:00,1419897792,-68.903
2026-07-10T01:20:55.563681+00:00,1419899257,-68.95
2026-07-10T01:20:55.563681+00:00,1419900721,-68.896
2026-07-10T01:20:55.563681+00:00,1419902186,-68.931
2026-07-10T01:20:55.563681+00:00,1419903651,-68.929
2026-07-10T01:20:55.563681+00:00,1419905116,-68.92
2026-07-10T01:20:55.563681+00:00,1419906581,-68.914
2026-07-10T01:20:55.563681+00:00,1419908046,-68.953
2026-07-10T01:20:55.563681+00:00,1419909510,-68.962
2026-07-10T01:20:55.563681+00:00,1419910975,-68.981
2026-07-10T01:20:55.563681+00:00,1419912440,-68.977
2026-07-10T01:20:55.563681+00:00,1419913905,-68.962
2026-07-10T01:20:55.563681+00:00,1419915370,-68.956
2026-07-10T01:20:55.563681+00:00,1419916835,-68.946
2026-07-10T01:20:55.563681+00:00,1419918300,-68.943
2026-07-10T01:20:55.563681+00:00,1419919764,-68.947
2026-07-10T01:20:55.563681+00:00,1419921229,-68.89
2026-07-10T01:20:55.563681+00:00,1419922694,-68.892
2026-07-10T01:20:55.563681+00:00,1419924159,-68.89
2026-07-10T01:20:55.563681+00:00,1419925624,-68.9
2026-07-10T01:20:55.563681+00:00,1419927089,-68.889
2026-07-10T01:20:55.563681+00:00,1419928553,-68.91
2026-07-10T01:20:55.563681+00:00,1419930018,-68.886
2026-07-10T01:20:55.563681+00:00,1419931483,-68.902
2026-07-10T01:20:55.563681+00:00,1419932948,-68.931
2026-07-10T01:20:55.563681+00:00,1419934413,-68.975
2026-07-10T01:20:55.563681+00:00,1419935878,-68.961
2026-07-10T01:20:55.563681+00:00,1419937342,-68.905
2026-07-10T01:20:55.563681+00:00,1419938807,-68.951
2026-07-10T01:20:55.563681+00:00,1419940272,-68.911
2026-07-10T01:20:55.563681+00:00,1419941737,-68.899
2026-07-10T01:20:55.563681+00:00,1419943202,-68.921
2026-07-10T01:20:55.563681+00:00,1419944667,-68.945
2026-07-10T01:20:55.563681+00:00,1419946132,-68.949
2026-07-10T01:20:55.563681+00:00,1419947596,-68.992
2026-07-10T01:20:55.563681+00:00,1419949061,-68.944
2026-07-10T01:20:55.563681+00:00,1419950526,-68.959
2026-07-10T01:20:55.563681+00:00,1419951991,-68.899
2026-07-10T01:20:55.563681+00:00,1419953456,-68.946
2026-07-10T01:20:55.563681+00:00,1419954921,-68.977
2026-07-10T01:20:55.563681+00:00,1419956385,-68.948
2026-07-10T01:20:55.563681+00:00,1419957850,-68.941
2026-07-10T01:20:55.563681+00:00,1419959315,-68.952
2026-07-10T01:20:55.563681+00:00,1419960780,-68.91
2026-07-10T01:20:55.563681+00:00,1419962245,-68.913
2026-07-10T01:20:55.563681+00:00,1419963710,-68.951
2026-07-10T01:20:55.563681+00:00,1419965175,-68.976
2026-07-10T01:20:55.563681+00:00,1419966639,-69.01
2026-07-10T01:20:55.563681+00:00,1419968104,-68.96
2026-07-10T01:20:55.563681+00:00,1419969569,-68.967
2026-07-10T01:20:55.563681+00:00,1419971034,-68.908
2026-07-10T01:20:55.563681+00:00,1419972499,-68.937
2026-07-10T01:20:55.563681+00:00,1419973964,-68.973
2026-07-10T01:20:55.563681+00:00,1419975428,-68.995
2026-07-10T01:20:55.563681+00:00,1419976893,-69.018
2026-07-10T01:20:55.563681+00:00,1419978358,-68.944
2026-07-10T01:20:55.563681+00:00,1419979823,-68.925
2026-07-10T01:20:55.563681+00:00,1419981288,-68.94
2026-07-10T01:20:55.563681+00:00,1419982753,-68.96
2026-07-10T01:20:55.563681+00:00,1419984217,-68.964
2026-07-10T01:20:55.563681+00:00,1419985682,-68.908
2026-07-10T01:20:55.563681+00:00,1419987147,-68.893
2026-07-10T01:20:55.563681+00:00,1419988612,-68.934
2026-07-10T01:20:55.563681+00:00,1419990077,-68.877
2026-07-10T01:20:55.563681+00:00,1419991542,-68.901
2026-07-10T01:20:55.563681+00:00,1419993007,-68.945
2026-07-10T01:20:55.563681+00:00,1419994471,-68.975
2026-07-10T01:20:55.563681+00:00,1419995936,-69.006
2026-07-10T01:20:55.563681+00:00,1419997401,-68.946
2026-07-10T01:20:55.563681+00:00,1419998866,-69.04
2026-07-10T01:20:55.563681+00:00,1420000331,-69.012
2026-07-10T01:20:55.563681+00:00,1420001796,-68.975
2026-07-10T01:20:55.563681+00:00,1420003260,-68.954
2026-07-10T01:20:55.563681+00:00,1420004725,-68.93
2026-07-10T01:20:55.563681+00:00,1420006190,-68.947
2026-07-10T01:20:55.563681+00:00,1420007655,-68.933
2026-07-10T01:20:55.563681+00:00,1420009120,-68.976
2026-07-10T01:20:55.563681+00:00,1420010585,-69.029
2026-07-10T01:20:55.563681+00:00,1420012050,-68.956
2026-07-10T01:20:55.563681+00:00,1420013514,-68.933
2026-07-10T01:20:55.563681+00:00,1420014979,-68.881
2026-07-10T01:20:55.563681+00:00,1420016444,-68.952
2026-07-10T01:20:55.563681+00:00,1420017909,-68.973
2026-07-10T01:20:55.563681+00:00,1420019374,-68.972
2026-07-10T01:20:55.563681+00:00,1420020839,-68.947
2026-07-10T01:20:55.563681+00:00,1420022303,-68.877
2026-07-10T01:20:55.563681+00:00,1420023768,-68.878
2026-07-10T01:20:55.563681+00:00,1420025233,-68.896
2026-07-10T01:20:55.563681+00:00,1420026698,-68.936
2026-07-10T01:20:55.563681+00:00,1420028163,-69.007
2026-07-10T01:20:55.563681+00:00,1420029628,-68.932
2026-07-10T01:20:55.563681+00:00,1420031092,-68.894
2026-07-10T01:20:55.563681+00:00,1420032557,-68.959
2026-07-10T01:20:55.563681+00:00,1420034022,-68.976
2026-07-10T01:20:55.563681+00:00,1420035487,-68.9
2026-07-10T01:20:55.563681+00:00,1420036952,-68.927
2026-07-10T01:20:55.563681+00:00,1420038417,-68.924
2026-07-10T01:20:55.563681+00:00,1420039882,-68.871
2026-07-10T01:20:55.563681+00:00,1420041346,-68.908
2026-07-10T01:20:55.563681+00:00,1420042811,-68.993
2026-07-10T01:20:55.563681+00:00,1420044276,-68.959
2026-07-10T01:20:55.563681+00:00,1420045741,-68.902
2026-07-10T01:20:55.563681+00:00,1420047206,-68.937
2026-07-10T01:20:55.563681+00:00,1420048671,-68.988
2026-07-10T01:20:55.563681+00:00,1420050135,-68.972
2026-07-10T01:20:55.563681+00:00,1420051600,-68.902
2026-07-10T01:20:55.563681+00:00,1420053065,-68.877
2026-07-10T01:20:55.563681+00:00,1420054530,-68.903
2026-07-10T01:20:55.563681+00:00,1420055995,-68.945
2026-07-10T01:20:55.563681+00:00,1420057460,-68.953
2026-07-10T01:20:55.563681+00:00,1420058925,-68.965
2026-07-10T01:20:55.563681+00:00,1420060389,-68.923
2026-07-10T01:20:55.563681+00:00,1420061854,-68.992
2026-07-10T01:20:55.563681+00:00,1420063319,-68.935
2026-07-10T01:20:55.563681+00:00,1420064784,-68.923
2026-07-10T01:20:55.563681+00:00,1420066249,-68.912
2026-07-10T01:20:55.563681+00:00,1420067714,-68.904
2026-07-10T01:20:55.563681+00:00,1420069178,-68.928
2026-07-10T01:20:55.563681+00:00,1420070643,-68.869
2026-07-10T01:20:55.563681+00:00,1420072108,-68.881
2026-07-10T01:20:55.563681+00:00,1420073573,-68.85
2026-07-10T01:20:55.563681+00:00,1420075038,-68.909
2026-07-10T01:20:55.563681+00:00,1420076503,-68.968
2026-07-10T01:20:55.563681+00:00,1420077967,-68.923
2026-07-10T01:20:55.563681+00:00,1420079432,-68.881
2026-07-10T01:20:55.563681+00:00,1420080897,-68.865
2026-07-10T01:20:55.563681+00:00,1420082362,-68.896
2026-07-10T01:20:55.563681+00:00,1420083827,-68.938
2026-07-10T01:20:55.563681+00:00,1420085292,-68.869
2026-07-10T01:20:55.563681+00:00,1420086757,-68.943
2026-07-10T01:20:55.563681+00:00,1420088221,-68.915
2026-07-10T01:20:55.563681+00:00,1420089686,-68.931
2026-07-10T01:20:55.563681+00:00,1420091151,-68.897
2026-07-10T01:20:55.563681+00:00,1420092616,-68.881
2026-07-10T01:20:55.563681+00:00,1420094081,-68.895
2026-07-10T01:20:55.563681+00:00,1420095546,-68.925
2026-07-10T01:20:55.563681+00:00,1420097010,-68.944
2026-07-10T01:20:55.563681+00:00,1420098475,-68.916
2026-07-10T01:20:55.563681+00:00,1420099940,-68.897
2026-07-10T01:20:55.563681+00:00,1420101405,-68.896
2026-07-10T01:20:55.563681+00:00,1420102870,-68.931
2026-07-10T01:20:55.563681+00:00,1420104335,-68.949
2026-07-10T01:20:55.563681+00:00,1420105800,-68.844
2026-07-10T01:20:55.563681+00:00,1420107264,-68.828
2026-07-10T01:20:55.563681+00:00,1420108729,-68.887
2026-07-10T01:20:55.563681+00:00,1420110194,-68.894
2026-07-10T01:20:55.563681+00:00,1420111659,-68.877
2026-07-10T01:20:55.563681+00:00,1420113124,-68.852
2026-07-10T01:20:55.563681+00:00,1420114589,-68.868
2026-07-10T01:20:55.563681+00:00,1420116053,-68.902
2026-07-10T01:20:55.563681+00:00,1420117518,-68.894
2026-07-10T01:20:55.563681+00:00,1420118983,-68.86
2026-07-10T01:20:55.563681+00:00,1420120448,-68.878
2026-07-10T01:20:55.563681+00:00,1420121913,-68.93
2026-07-10T01:20:55.563681+00:00,1420123378,-68.855
2026-07-10T01:20:55.563681+00:00,1420124842,-68.87
2026-07-10T01:20:55.563681+00:00,1420126307,-68.901
2026-07-10T01:20:55.563681+00:00,1420127772,-68.859
2026-07-10T01:20:55.563681+00:00,1420129237,-68.867
2026-07-10T01:20:55.563681+00:00,1420130702,-68.897
2026-07-10T01:20:55.563681+00:00,1420132167,-68.839
2026-07-10T01:20:55.563681+00:00,1420133632,-68.865
2026-07-10T01:20:55.563681+00:00,1420135096,-68.869
2026-07-10T01:20:55.563681+00:00,1420136561,-68.845
2026-07-10T01:20:55.563681+00:00,1420138026,-68.767
2026-07-10T01:20:55.563681+00:00,1420139491,-68.77
2026-07-10T01:20:55.563681+00:00,1420140956,-68.831
2026-07-10T01:20:55.563681+00:00,1420142421,-68.868
2026-07-10T01:20:55.563681+00:00,1420143885,-68.876
2026-07-10T01:20:55.563681+00:00,1420145350,-68.835
2026-07-10T01:20:55.563681+00:00,1420146815,-68.815
2026-07-10T01:20:55.563681+00:00,1420148280,-68.816
2026-07-10T01:20:55.563681+00:00,1420149745,-68.875
2026-07-10T01:20:55.563681+00:00,1420151210,-68.823
2026-07-10T01:20:55.563681+00:00,1420152675,-68.779
2026-07-10T01:20:55.563681+00:00,1420154139,-68.808
2026-07-10T01:20:55.563681+00:00,1420155604,-68.825
2026-07-10T01:20:55.563681+00:00,1420157069,-68.864
2026-07-10T01:20:55.563681+00:00,1420158534,-68.824
2026-07-10T01:20:55.563681+00:00,1420159999,-68.809
2026-07-10T01:20:55.563681+00:00,1420161464,-68.774
2026-07-10T01:20:55.563681+00:00,1420162928,-68.8
2026-07-10T01:20:55.563681+00:00,1420164393,-68.821
2026-07-10T01:20:55.563681+00:00,1420165858,-68.712
2026-07-10T01:20:55.563681+00:00,1420167323,-68.78
2026-07-10T01:20:55.563681+00:00,1420168788,-68.771
2026-07-10T01:20:55.563681+00:00,1420170253,-68.738
2026-07-10T01:20:55.563681+00:00,1420171717,-68.834
2026-07-10T01:20:55.563681+00:00,1420173182,-68.853
2026-07-10T01:20:55.563681+00:00,1420174647,-68.763
2026-07-10T01:20:55.563681+00:00,1420176112,-68.721
2026-07-10T01:20:55.563681+00:00,1420177577,-68.768
2026-07-10T01:20:55.563681+00:00,1420179042,-68.77
2026-07-10T01:20:55.563681+00:00,1420180507,-68.768
2026-07-10T01:20:55.563681+00:00,1420181971,-68.768
2026-07-10T01:20:55.563681+00:00,1420183436,-68.844
2026-07-10T01:20:55.563681+00:00,1420184901,-68.801
2026-07-10T01:20:55.563681+00:00,1420186366,-68.769
2026-07-10T01:20:55.563681+00:00,1420187831,-68.804
2026-07-10T01:20:55.563681+00:00,1420189296,-68.762
2026-07-10T01:20:55.563681+00:00,1420190760,-68.85
2026-07-10T01:20:55.563681+00:00,1420192225,-68.81
2026-07-10T01:20:55.563681+00:00,1420193690,-68.765
2026-07-10T01:20:55.563681+00:00,1420195155,-68.783
2026-07-10T01:20:55.563681+00:00,1420196620,-68.77
2026-07-10T01:20:55.563681+00:00,1420198085,-68.797
2026-07-10T01:20:55.563681+00:00,1420199550,-68.783
2026-07-10T01:20:55.563681+00:00,1420201014,-68.765
2026-07-10T01:20:55.563681+00:00,1420202479,-68.836
2026-07-10T01:20:55.563681+00:00,1420203944,-68.785
2026-07-10T01:20:55.563681+00:00,1420205409,-68.747
2026-07-10T01:20:55.563681+00:00,1420206874,-68.73
2026-07-10T01:20:55.563681+00:00,1420208339,-68.809
2026-07-10T01:20:55.563681+00:00,1420209803,-68.862
2026-07-10T01:20:55.563681+00:00,1420211268,-68.844
2026-07-10T01:20:55.563681+00:00,1420212733,-68.775
2026-07-10T01:20:55.563681+00:00,1420214198,-68.805
2026-07-10T01:20:55.563681+00:00,1420215663,-68.816
2026-07-10T01:20:55.563681+00:00,1420217128,-68.866
2026-07-10T01:20:55.563681+00:00,1420218592,-68.835
2026-07-10T01:20:55.563681+00:00,1420220057,-68.764
2026-07-10T01:20:55.563681+00:00,1420221522,-68.788
2026-07-10T01:20:55.563681+00:00,1420222987,-68.763
2026-07-10T01:20:55.563681+00:00,1420224452,-68.78
2026-07-10T01:20:55.563681+00:00,1420225917,-68.772
2026-07-10T01:20:55.563681+00:00,1420227382,-68.778
2026-07-10T01:20:55.563681+00:00,1420228846,-68.824
2026-07-10T01:20:55.563681+00:00,1420230311,-68.768
2026-07-10T01:20:55.563681+00:00,1420231776,-68.798
2026-07-10T01:20:55.563681+00:00,1420233241,-68.833
2026-07-10T01:20:55.563681+00:00,1420234706,-68.803
2026-07-10T01:20:55.563681+00:00,1420236171,-68.809
2026-07-10T01:20:55.563681+00:00,1420237635,-68.831
2026-07-10T01:20:55.563681+00:00,1420239100,-68.779
2026-07-10T01:20:55.563681+00:00,1420240565,-68.791
2026-07-10T01:20:55.563681+00:00,1420242030,-68.811
2026-07-10T01:20:55.563681+00:00,1420243495,-68.804
2026-07-10T01:20:55.563681+00:00,1420244960,-68.83
2026-07-10T01:20:55.563681+00:00,1420246425,-68.894
2026-07-10T01:20:55.563681+00:00,1420247889,-68.873
2026-07-10T01:20:55.563681+00:00,1420249354,-68.816
2026-07-10T01:20:55.563681+00:00,1420250819,-68.825
2026-07-10T01:20:55.563681+00:00,1420252284,-68.813
2026-07-10T01:20:55.563681+00:00,1420253749,-68.843
2026-07-10T01:20:55.563681+00:00,1420255214,-68.903
2026-07-10T01:20:55.563681+00:00,1420256678,-68.918
2026-07-10T01:20:55.563681+00:00,1420258143,-68.811
2026-07-10T01:20:55.563681+00:00,1420259608,-68.882
2026-07-10T01:20:55.563681+00:00,1420261073,-68.887
2026-07-10T01:20:55.563681+00:00,1420262538,-68.815
2026-07-10T01:20:55.563681+00:00,1420264003,-68.844
2026-07-10T01:20:55.563681+00:00,1420265467,-68.838
2026-07-10T01:20:55.563681+00:00,1420266932,-68.848
2026-07-10T01:20:55.563681+00:00,1420268397,-68.809
2026-07-10T01:20:55.563681+00:00,1420269862,-68.747
2026-07-10T01:20:55.563681+00:00,1420271327,-68.767
2026-07-10T01:20:55.563681+00:00,1420272792,-68.844
2026-07-10T01:20:55.563681+00:00,1420274257,-68.824
2026-07-10T01:20:55.563681+00:00,1420275721,-68.816
2026-07-10T01:20:55.563681+00:00,1420277186,-68.84
2026-07-10T01:20:55.563681+00:00,1420278651,-68.85
2026-07-10T01:20:55.563681+00:00,1420280116,-68.871
2026-07-10T01:20:55.563681+00:00,1420281581,-68.822
2026-07-10T01:20:55.563681+00:00,1420283046,-68.806
2026-07-10T01:20:55.563681+00:00,1420284510,-68.835
2026-07-10T01:20:55.563681+00:00,1420285975,-68.842
2026-07-10T01:20:55.563681+00:00,1420287440,-68.893
2026-07-10T01:20:55.563681+00:00,1420288905,-68.835
2026-07-10T01:20:55.563681+00:00,1420290370,-68.806
2026-07-10T01:20:55.563681+00:00,1420291835,-68.821
2026-07-10T01:20:55.563681+00:00,1420293300,-68.839
2026-07-10T01:20:55.563681+00:00,1420294764,-68.769
2026-07-10T01:20:55.563681+00:00,1420296229,-68.83
2026-07-10T01:20:55.563681+00:00,1420297694,-68.845
2026-07-10T01:20:55.563681+00:00,1420299159,-68.798
2026-07-10T01:20:55.563681+00:00,1420300624,-68.823
2026-07-10T01:20:55.563681+00:00,1420302089,-68.837
2026-07-10T01:20:55.563681+00:00,1420303553,-68.863
2026-07-10T01:20:55.563681+00:00,1420305018,-68.854
2026-07-10T01:20:55.563681+00:00,1420306483,-68.821
2026-07-10T01:20:55.563681+00:00,1420307948,-68.789
2026-07-10T01:20:55.563681+00:00,1420309413,-68.774
2026-07-10T01:20:55.563681+00:00,1420310878,-68.785
2026-07-10T01:20:55.563681+00:00,1420312342,-68.811
2026-07-10T01:20:55.563681+00:00,1420313807,-68.787
2026-07-10T01:20:55.563681+00:00,1420315272,-68.87
2026-07-10T01:20:55.563681+00:00,1420316737,-68.913
2026-07-10T01:20:55.563681+00:00,1420318202,-68.92
2026-07-10T01:20:55.563681+00:00,1420319667,-68.932
2026-07-10T01:20:55.563681+00:00,1420321132,-68.836
2026-07-10T01:20:55.563681+00:00,1420322596,-68.814
2026-07-10T01:20:55.563681+00:00,1420324061,-68.817
2026-07-10T01:20:55.563681+00:00,1420325526,-68.85
2026-07-10T01:20:55.563681+00:00,1420326991,-68.822
2026-07-10T01:20:55.563681+00:00,1420328456,-68.857
2026-07-10T01:20:55.563681+00:00,1420329921,-68.869
2026-07-10T01:20:55.563681+00:00,1420331385,-68.909
2026-07-10T01:20:55.563681+00:00,1420332850,-68.964
2026-07-10T01:20:55.563681+00:00,1420334315,-68.897
2026-07-10T01:20:55.563681+00:00,1420335780,-68.899
2026-07-10T01:20:55.563681+00:00,1420337245,-68.951
2026-07-10T01:20:55.563681+00:00,1420338710,-68.878
2026-07-10T01:20:55.563681+00:00,1420340175,-68.877
2026-07-10T01:20:55.563681+00:00,1420341639,-68.819
2026-07-10T01:20:55.563681+00:00,1420343104,-68.837
2026-07-10T01:20:55.563681+00:00,1420344569,-68.893
2026-07-10T01:20:55.563681+00:00,1420346034,-68.897
2026-07-10T01:20:55.563681+00:00,1420347499,-68.887
2026-07-10T01:20:55.563681+00:00,1420348964,-68.886
2026-07-10T01:20:55.563681+00:00,1420350428,-68.815
2026-07-10T01:20:55.563681+00:00,1420351893,-68.871
2026-07-10T01:20:55.563681+00:00,1420353358,-68.831
2026-07-10T01:20:55.563681+00:00,1420354823,-68.837
2026-07-10T01:20:55.563681+00:00,1420356288,-68.894
2026-07-10T01:20:55.563681+00:00,1420357753,-68.888
2026-07-10T01:20:55.563681+00:00,1420359217,-68.855
2026-07-10T01:20:55.563681+00:00,1420360682,-68.877
2026-07-10T01:20:55.563681+00:00,1420362147,-68.874
2026-07-10T01:20:55.563681+00:00,1420363612,-68.889
2026-07-10T01:20:55.563681+00:00,1420365077,-68.841
2026-07-10T01:20:55.563681+00:00,1420366542,-68.902
2026-07-10T01:20:55.563681+00:00,1420368007,-68.928
2026-07-10T01:20:55.563681+00:00,1420369471,-68.898
2026-07-10T01:20:55.563681+00:00,1420370936,-68.828
2026-07-10T01:20:55.563681+00:00,1420372401,-68.883
2026-07-10T01:20:55.563681+00:00,1420373866,-68.893
2026-07-10T01:20:55.563681+00:00,1420375331,-68.852
2026-07-10T01:20:55.563681+00:00,1420376796,-68.864
2026-07-10T01:20:55.563681+00:00,1420378260,-68.918
2026-07-10T01:20:55.563681+00:00,1420379725,-68.904
2026-07-10T01:20:55.563681+00:00,1420381190,-68.893
2026-07-10T01:20:55.563681+00:00,1420382655,-68.901
2026-07-10T01:20:55.563681+00:00,1420384120,-68.92
2026-07-10T01:20:55.563681+00:00,1420385585,-68.863
2026-07-10T01:20:55.563681+00:00,1420387050,-68.872
2026-07-10T01:20:55.563681+00:00,1420388514,-68.91
2026-07-10T01:20:55.563681+00:00,1420389979,-68.911
2026-07-10T01:20:55.563681+00:00,1420391444,-68.901
2026-07-10T01:20:55.563681+00:00,1420392909,-68.939
2026-07-10T01:20:55.563681+00:00,1420394374,-68.86
2026-07-10T01:20:55.563681+00:00,1420395839,-68.847
2026-07-10T01:20:55.563681+00:00,1420397303,-68.862
2026-07-10T01:20:55.563681+00:00,1420398768,-68.913
2026-07-10T01:20:55.563681+00:00,1420400233,-68.905
2026-07-10T01:20:55.563681+00:00,1420401698,-68.855
2026-07-10T01:20:55.563681+00:00,1420403163,-68.911
2026-07-10T01:20:55.563681+00:00,1420404628,-68.956
2026-07-10T01:20:55.563681+00:00,1420406092,-68.9
2026-07-10T01:20:55.563681+00:00,1420407557,-68.911
2026-07-10T01:20:55.563681+00:00,1420409022,-68.887
2026-07-10T01:20:55.563681+00:00,1420410487,-68.903
2026-07-10T01:20:55.563681+00:00,1420411952,-68.903
2026-07-10T01:20:55.563681+00:00,1420413417,-68.944
2026-07-10T01:20:55.563681+00:00,1420414882,-68.906
2026-07-10T01:20:55.563681+00:00,1420416346,-68.96
2026-07-10T01:20:55.563681+00:00,1420417811,-68.975
2026-07-10T01:20:55.563681+00:00,1420419276,-68.887
2026-07-10T01:20:55.563681+00:00,1420420741,-68.939
2026-07-10T01:20:55.563681+00:00,1420422206,-68.943
2026-07-10T01:20:55.563681+00:00,1420423671,-68.991
2026-07-10T01:20:55.563681+00:00,1420425135,-68.927
2026-07-10T01:20:55.563681+00:00,1420426600,-68.829
2026-07-10T01:20:55.563681+00:00,1420428065,-68.839
2026-07-10T01:20:55.563681+00:00,1420429530,-68.864
2026-07-10T01:20:55.563681+00:00,1420430995,-68.876
2026-07-10T01:20:55.563681+00:00,1420432460,-68.942
2026-07-10T01:20:55.563681+00:00,1420433925,-68.908
2026-07-10T01:20:55.563681+00:00,1420435389,-68.959
2026-07-10T01:20:55.563681+00:00,1420436854,-68.954
2026-07-10T01:20:55.563681+00:00,1420438319,-68.931
2026-07-10T01:20:55.563681+00:00,1420439784,-68.896
2026-07-10T01:20:55.563681+00:00,1420441249,-68.925
2026-07-10T01:20:55.563681+00:00,1420442714,-68.89
2026-07-10T01:20:55.563681+00:00,1420444178,-68.898
2026-07-10T01:20:55.563681+00:00,1420445643,-68.95
2026-07-10T01:20:55.563681+00:00,1420447108,-68.93
2026-07-10T01:20:55.563681+00:00,1420448573,-68.91
2026-07-10T01:20:55.563681+00:00,1420450038,-68.938
2026-07-10T01:20:55.563681+00:00,1420451503,-68.903
2026-07-10T01:20:55.563681+00:00,1420452967,-68.932
2026-07-10T01:20:55.563681+00:00,1420454432,-68.961
2026-07-10T01:20:55.563681+00:00,1420455897,-68.965
2026-07-10T01:20:55.563681+00:00,1420457362,-68.913
2026-07-10T01:20:55.563681+00:00,1420458827,-68.876
2026-07-10T01:20:55.563681+00:00,1420460292,-68.928
2026-07-10T01:20:55.563681+00:00,1420461757,-68.945
2026-07-10T01:20:55.563681+00:00,1420463221,-69.006
2026-07-10T01:20:55.563681+00:00,1420464686,-68.991
2026-07-10T01:20:55.563681+00:00,1420466151,-68.954
2026-07-10T01:20:55.563681+00:00,1420467616,-68.905
2026-07-10T01:20:55.563681+00:00,1420469081,-68.901
2026-07-10T01:20:55.563681+00:00,1420470546,-68.906
2026-07-10T01:20:55.563681+00:00,1420472010,-68.918
2026-07-10T01:20:55.563681+00:00,1420473475,-68.93
2026-07-10T01:20:55.563681+00:00,1420474940,-68.922
2026-07-10T01:20:55.563681+00:00,1420476405,-68.961
2026-07-10T01:20:55.563681+00:00,1420477870,-68.962
2026-07-10T01:20:55.563681+00:00,1420479335,-68.94
2026-07-10T01:20:55.563681+00:00,1420480800,-68.962
2026-07-10T01:20:55.563681+00:00,1420482264,-68.94
2026-07-10T01:20:55.563681+00:00,1420483729,-68.934
2026-07-10T01:20:55.563681+00:00,1420485194,-68.935
2026-07-10T01:20:55.563681+00:00,1420486659,-68.935
2026-07-10T01:20:55.563681+00:00,1420488124,-68.939
2026-07-10T01:20:55.563681+00:00,1420489589,-68.952
2026-07-10T01:20:55.563681+00:00,1420491053,-68.929
2026-07-10T01:20:55.563681+00:00,1420492518,-68.898
2026-07-10T01:20:55.563681+00:00,1420493983,-68.895
2026-07-10T01:20:55.563681+00:00,1420495448,-68.874
2026-07-10T01:20:55.563681+00:00,1420496913,-68.904
2026-07-10T01:20:55.563681+00:00,1420498378,-68.949
2026-07-10T01:20:55.563681+00:00,1420499842,-68.918
2026-07-10T01:20:55.563681+00:00,1420501307,-68.936
2026-07-10T01:20:55.563681+00:00,1420502772,-68.924
2026-07-10T01:20:55.563681+00:00,1420504237,-68.946
2026-07-10T01:20:55.563681+00:00,1420505702,-68.977
2026-07-10T01:20:55.563681+00:00,1420507167,-68.926
2026-07-10T01:20:55.563681+00:00,1420508632,-68.885
2026-07-10T01:20:55.563681+00:00,1420510096,-68.878
2026-07-10T01:20:55.563681+00:00,1420511561,-68.897
2026-07-10T01:20:55.563681+00:00,1420513026,-68.89
2026-07-10T01:20:55.563681+00:00,1420514491,-68.913
2026-07-10T01:20:55.563681+00:00,1420515956,-68.914
2026-07-10T01:20:55.563681+00:00,1420517421,-68.917
2026-07-10T01:20:55.563681+00:00,1420518885,-68.86
2026-07-10T01:20:55.563681+00:00,1420520350,-68.922
2026-07-10T01:20:55.563681+00:00,1420521815,-68.945
2026-07-10T01:20:55.563681+00:00,1420523280,-68.935
2026-07-10T01:20:55.563681+00:00,1420524745,-68.977
2026-07-10T01:20:55.563681+00:00,1420526210,-69.015
2026-07-10T01:20:55.563681+00:00,1420527675,-68.953
2026-07-10T01:20:55.563681+00:00,1420529139,-68.944
2026-07-10T01:20:55.563681+00:00,1420530604,-68.972
2026-07-10T01:20:55.563681+00:00,1420532069,-68.955
2026-07-10T01:20:55.563681+00:00,1420533534,-68.896
2026-07-10T01:20:55.563681+00:00,1420534999,-68.946
2026-07-10T01:20:55.563681+00:00,1420536464,-68.893
2026-07-10T01:20:55.563681+00:00,1420537928,-68.981
2026-07-10T01:20:55.563681+00:00,1420539393,-68.982
2026-07-10T01:20:55.563681+00:00,1420540858,-68.898
2026-07-10T01:20:55.563681+00:00,1420542323,-68.867
2026-07-10T01:20:55.563681+00:00,1420543788,-68.938
2026-07-10T01:20:55.563681+00:00,1420545253,-68.946
2026-07-10T01:20:55.563681+00:00,1420546717,-68.925
2026-07-10T01:20:55.563681+00:00,1420548182,-68.917
2026-07-10T01:20:55.563681+00:00,1420549647,-68.934
2026-07-10T01:20:55.563681+00:00,1420551112,-68.967
2026-07-10T01:20:55.563681+00:00,1420552577,-68.948
2026-07-10T01:20:55.563681+00:00,1420554042,-68.953
2026-07-10T01:20:55.563681+00:00,1420555507,-68.924
2026-07-10T01:20:55.563681+00:00,1420556971,-68.986
2026-07-10T01:20:55.563681+00:00,1420558436,-68.976
2026-07-10T01:20:55.563681+00:00,1420559901,-68.949
2026-07-10T01:20:55.563681+00:00,1420561366,-68.956
2026-07-10T01:20:55.563681+00:00,1420562831,-68.979
2026-07-10T01:20:55.563681+00:00,1420564296,-69.012
2026-07-10T01:20:55.563681+00:00,1420565760,-68.976
2026-07-10T01:20:55.563681+00:00,1420567225,-68.912
2026-07-10T01:20:55.563681+00:00,1420568690,-68.944
2026-07-10T01:20:55.563681+00:00,1420570155,-68.926
2026-07-10T01:20:55.563681+00:00,1420571620,-68.896
2026-07-10T01:20:55.563681+00:00,1420573085,-68.952
2026-07-10T01:20:55.563681+00:00,1420574550,-69.005
2026-07-10T01:20:55.563681+00:00,1420576014,-68.961
2026-07-10T01:20:55.563681+00:00,1420577479,-68.932
2026-07-10T01:20:55.563681+00:00,1420578944,-68.946
2026-07-10T01:20:55.563681+00:00,1420580409,-68.936
2026-07-10T01:20:55.563681+00:00,1420581874,-68.914
2026-07-10T01:20:55.563681+00:00,1420583339,-68.983
2026-07-10T01:20:55.563681+00:00,1420584803,-68.913
2026-07-10T01:20:55.563681+00:00,1420586268,-68.915
2026-07-10T01:20:55.563681+00:00,1420587733,-68.964
2026-07-10T01:20:55.563681+00:00,1420589198,-68.98
2026-07-10T01:20:55.563681+00:00,1420590663,-68.914
2026-07-10T01:20:55.563681+00:00,1420592128,-69.004
2026-07-10T01:20:55.563681+00:00,1420593592,-69.013
2026-07-10T01:20:55.563681+00:00,1420595057,-69.057
2026-07-10T01:20:55.563681+00:00,1420596522,-69.026
2026-07-10T01:20:55.563681+00:00,1420597987,-69.009
2026-07-10T01:20:55.563681+00:00,1420599452,-68.994
2026-07-10T01:20:55.563681+00:00,1420600917,-68.938
2026-07-10T01:20:55.563681+00:00,1420602382,-68.975
2026-07-10T01:20:55.563681+00:00,1420603846,-69.001
2026-07-10T01:20:55.563681+00:00,1420605311,-68.939
2026-07-10T01:20:55.563681+00:00,1420606776,-68.955
2026-07-10T01:20:55.563681+00:00,1420608241,-68.93
2026-07-10T01:20:55.563681+00:00,1420609706,-68.946
2026-07-10T01:20:55.563681+00:00,1420611171,-69.036
2026-07-10T01:20:55.563681+00:00,1420612635,-68.956
2026-07-10T01:20:55.563681+00:00,1420614100,-68.984
2026-07-10T01:20:55.563681+00:00,1420615565,-68.989
2026-07-10T01:20:55.563681+00:00,1420617030,-68.99
2026-07-10T01:20:55.563681+00:00,1420618495,-68.98
2026-07-10T01:20:55.563681+00:00,1420619960,-69.006
2026-07-10T01:20:55.563681+00:00,1420621425,-69.001
2026-07-10T01:20:55.563681+00:00,1420622889,-69.026
2026-07-10T01:20:55.563681+00:00,1420624354,-68.979
2026-07-10T01:20:55.563681+00:00,1420625819,-68.975
2026-07-10T01:20:55.563681+00:00,1420627284,-68.975
2026-07-10T01:20:55.563681+00:00,1420628749,-69.021
2026-07-10T01:20:55.563681+00:00,1420630214,-68.98
2026-07-10T01:20:55.563681+00:00,1420631678,-68.997
2026-07-10T01:20:55.563681+00:00,1420633143,-69.053
2026-07-10T01:20:55.563681+00:00,1420634608,-69.035
2026-07-10T01:20:55.563681+00:00,1420636073,-69.067
2026-07-10T01:20:55.563681+00:00,1420637538,-69.091
2026-07-10T01:20:55.563681+00:00,1420639003,-69.005
2026-07-10T01:20:55.563681+00:00,1420640467,-69.041
2026-07-10T01:20:55.563681+00:00,1420641932,-69.075
2026-07-10T01:20:55.563681+00:00,1420643397,-69.054
2026-07-10T01:20:55.563681+00:00,1420644862,-68.993
2026-07-10T01:20:55.563681+00:00,1420646327,-69.011
2026-07-10T01:20:55.563681+00:00,1420647792,-69.051
2026-07-10T01:20:55.563681+00:00,1420649257,-69.036
2026-07-10T01:20:55.563681+00:00,1420650721,-69.135
2026-07-10T01:20:55.563681+00:00,1420652186,-69.036
2026-07-10T01:20:55.563681+00:00,1420653651,-68.952
2026-07-10T01:20:55.563681+00:00,1420655116,-69.044
2026-07-10T01:20:55.563681+00:00,1420656581,-69.031
2026-07-10T01:20:55.563681+00:00,1420658046,-69.079
2026-07-10T01:20:55.563681+00:00,1420659510,-69.068
2026-07-10T01:20:55.563681+00:00,1420660975,-69.072
2026-07-10T01:20:55.563681+00:00,1420662440,-69.018
2026-07-10T01:20:55.563681+00:00,1420663905,-69.11
2026-07-10T01:20:55.563681+00:00,1420665370,-69.063
2026-07-10T01:20:55.563681+00:00,1420666835,-69.07
2026-07-10T01:20:55.563681+00:00,1420668300,-69.077
2026-07-10T01:20:55.563681+00:00,1420669764,-69.005
2026-07-10T01:20:55.563681+00:00,1420671229,-69.062
2026-07-10T01:20:55.563681+00:00,1420672694,-69.112
2026-07-10T01:20:55.563681+00:00,1420674159,-69.12
2026-07-10T01:20:55.563681+00:00,1420675624,-69.144
2026-07-10T01:20:55.563681+00:00,1420677089,-69.139
2026-07-10T01:20:55.563681+00:00,1420678553,-69.048
2026-07-10T01:20:55.563681+00:00,1420680018,-69.087
2026-07-10T01:20:55.563681+00:00,1420681483,-69.072
2026-07-10T01:20:55.563681+00:00,1420682948,-69.051
2026-07-10T01:20:55.563681+00:00,1420684413,-69.059
2026-07-10T01:20:55.563681+00:00,1420685878,-69.103
2026-07-10T01:20:55.563681+00:00,1420687342,-69.097
2026-07-10T01:20:55.563681+00:00,1420688807,-69.055
2026-07-10T01:20:55.563681+00:00,1420690272,-69.147
2026-07-10T01:20:55.563681+00:00,1420691737,-69.148
2026-07-10T01:20:55.563681+00:00,1420693202,-69.144
2026-07-10T01:20:55.563681+00:00,1420694667,-69.155
2026-07-10T01:20:55.563681+00:00,1420696132,-69.144
2026-07-10T01:20:55.563681+00:00,1420697596,-69.141
2026-07-10T01:20:55.563681+00:00,1420699061,-69.191
2026-07-10T01:20:55.563681+00:00,1420700526,-69.154
2026-07-10T01:20:55.563681+00:00,1420701991,-69.104
2026-07-10T01:20:55.563681+00:00,1420703456,-69.099
2026-07-10T01:20:55.563681+00:00,1420704921,-69.107
2026-07-10T01:20:55.563681+00:00,1420706385,-69.069
2026-07-10T01:20:55.563681+00:00,1420707850,-69.079
2026-07-10T01:20:55.563681+00:00,1420709315,-69.188
2026-07-10T01:20:55.563681+00:00,1420710780,-69.183
2026-07-10T01:20:55.563681+00:00,1420712245,-69.184
2026-07-10T01:20:55.563681+00:00,1420713710,-69.157
2026-07-10T01:20:55.563681+00:00,1420715175,-69.136
2026-07-10T01:20:55.563681+00:00,1420716639,-69.202
2026-07-10T01:20:55.563681+00:00,1420718104,-69.177
2026-07-10T01:20:55.563681+00:00,1420719569,-69.161
2026-07-10T01:20:55.563681+00:00,1420721034,-69.148
2026-07-10T01:20:55.563681+00:00,1420722499,-69.224
2026-07-10T01:20:55.563681+00:00,1420723964,-69.199
2026-07-10T01:20:55.563681+00:00,1420725428,-69.249
2026-07-10T01:20:55.563681+00:00,1420726893,-69.234
2026-07-10T01:20:55.563681+00:00,1420728358,-69.166
2026-07-10T01:20:55.563681+00:00,1420729823,-69.181
2026-07-10T01:20:55.563681+00:00,1420731288,-69.149
2026-07-10T01:20:55.563681+00:00,1420732753,-69.167
2026-07-10T01:20:55.563681+00:00,1420734217,-69.18
2026-07-10T01:20:55.563681+00:00,1420735682,-69.226
2026-07-10T01:20:55.563681+00:00,1420737147,-69.227
2026-07-10T01:20:55.563681+00:00,1420738612,-69.193
2026-07-10T01:20:55.563681+00:00,1420740077,-69.186
2026-07-10T01:20:55.563681+00:00,1420741542,-69.186
2026-07-10T01:20:55.563681+00:00,1420743007,-69.273
2026-07-10T01:20:55.563681+00:00,1420744471,-69.227
2026-07-10T01:20:55.563681+00:00,1420745936,-69.223
2026-07-10T01:20:55.563681+00:00,1420747401,-69.22
2026-07-10T01:20:55.563681+00:00,1420748866,-69.166
2026-07-10T01:20:55.563681+00:00,1420750331,-69.218
2026-07-10T01:20:55.563681+00:00,1420751796,-69.27
2026-07-10T01:20:55.563681+00:00,1420753260,-69.23
2026-07-10T01:20:55.563681+00:00,1420754725,-69.237
2026-07-10T01:20:55.563681+00:00,1420756190,-69.211
2026-07-10T01:20:55.563681+00:00,1420757655,-69.252
2026-07-10T01:20:55.563681+00:00,1420759120,-69.281
2026-07-10T01:20:55.563681+00:00,1420760585,-69.203
2026-07-10T01:20:55.563681+00:00,1420762050,-69.251
2026-07-10T01:20:55.563681+00:00,1420763514,-69.234
2026-07-10T01:20:55.563681+00:00,1420764979,-69.21
2026-07-10T01:20:55.563681+00:00,1420766444,-69.231
2026-07-10T01:20:55.563681+00:00,1420767909,-69.267
2026-07-10T01:20:55.563681+00:00,1420769374,-69.3
2026-07-10T01:20:55.563681+00:00,1420770839,-69.243
2026-07-10T01:20:55.563681+00:00,1420772303,-69.247
2026-07-10T01:20:55.563681+00:00,1420773768,-69.294
2026-07-10T01:20:55.563681+00:00,1420775233,-69.31
2026-07-10T01:20:55.563681+00:00,1420776698,-69.271
2026-07-10T01:20:55.563681+00:00,1420778163,-69.244
2026-07-10T01:20:55.563681+00:00,1420779628,-69.274
2026-07-10T01:20:55.563681+00:00,1420781092,-69.199
2026-07-10T01:20:55.563681+00:00,1420782557,-69.199
2026-07-10T01:20:55.563681+00:00,1420784022,-69.275
2026-07-10T01:20:55.563681+00:00,1420785487,-69.275
2026-07-10T01:20:55.563681+00:00,1420786952,-69.289
2026-07-10T01:20:55.563681+00:00,1420788417,-69.326
2026-07-10T01:20:55.563681+00:00,1420789882,-69.275
2026-07-10T01:20:55.563681+00:00,1420791346,-69.234
2026-07-10T01:20:55.563681+00:00,1420792811,-69.242
2026-07-10T01:20:55.563681+00:00,1420794276,-69.23
2026-07-10T01:20:55.563681+00:00,1420795741,-69.281
2026-07-10T01:20:55.563681+00:00,1420797206,-69.262
2026-07-10T01:20:55.563681+00:00,1420798671,-69.216
2026-07-10T01:20:55.563681+00:00,1420800135,-69.254
2026-07-10T01:20:55.563681+00:00,1420801600,-69.334
2026-07-10T01:20:55.563681+00:00,1420803065,-69.247
2026-07-10T01:20:55.563681+00:00,1420804530,-69.261
2026-07-10T01:20:55.563681+00:00,1420805995,-69.226
2026-07-10T01:20:55.563681+00:00,1420807460,-69.259
2026-07-10T01:20:55.563681+00:00,1420808925,-69.303
2026-07-10T01:20:55.563681+00:00,1420810389,-69.337
2026-07-10T01:20:55.563681+00:00,1420811854,-69.409
2026-07-10T01:20:55.563681+00:00,1420813319,-69.339
2026-07-10T01:20:55.563681+00:00,1420814784,-69.277
2026-07-10T01:20:55.563681+00:00,1420816249,-69.272
2026-07-10T01:20:55.563681+00:00,1420817714,-69.333
2026-07-10T01:20:55.563681+00:00,1420819178,-69.338
2026-07-10T01:20:55.563681+00:00,1420820643,-69.266
2026-07-10T01:20:55.563681+00:00,1420822108,-69.293
2026-07-10T01:20:55.563681+00:00,1420823573,-69.285
2026-07-10T01:20:55.563681+00:00,1420825038,-69.319
2026-07-10T01:20:55.563681+00:00,1420826503,-69.333
2026-07-10T01:20:55.563681+00:00,1420827967,-69.347
2026-07-10T01:20:55.563681+00:00,1420829432,-69.338
2026-07-10T01:20:55.563681+00:00,1420830897,-69.311
2026-07-10T01:20:55.563681+00:00,1420832362,-69.326
2026-07-10T01:20:55.563681+00:00,1420833827,-69.264
2026-07-10T01:20:55.563681+00:00,1420835292,-69.308
2026-07-10T01:20:55.563681+00:00,1420836757,-69.362
2026-07-10T01:20:55.563681+00:00,1420838221,-69.349
2026-07-10T01:20:55.563681+00:00,1420839686,-69.351
2026-07-10T01:20:55.563681+00:00,1420841151,-69.279
2026-07-10T01:20:55.563681+00:00,1420842616,-69.311
2026-07-10T01:20:55.563681+00:00,1420844081,-69.289
2026-07-10T01:20:55.563681+00:00,1420845546,-69.261
2026-07-10T01:20:55.563681+00:00,1420847010,-69.259
2026-07-10T01:20:55.563681+00:00,1420848475,-69.359
2026-07-10T01:20:55.563681+00:00,1420849940,-69.324
2026-07-10T01:20:55.563681+00:00,1420851405,-69.293
2026-07-10T01:20:55.563681+00:00,1420852870,-69.289
2026-07-10T01:20:55.563681+00:00,1420854335,-69.276
2026-07-10T01:20:55.563681+00:00,1420855800,-69.255
2026-07-10T01:20:55.563681+00:00,1420857264,-69.273
2026-07-10T01:20:55.563681+00:00,1420858729,-69.307
2026-07-10T01:20:55.563681+00:00,1420860194,-69.296
2026-07-10T01:20:55.563681+00:00,1420861659,-69.256
2026-07-10T01:20:55.563681+00:00,1420863124,-69.294
2026-07-10T01:20:55.563681+00:00,1420864589,-69.309
2026-07-10T01:20:55.563681+00:00,1420866053,-69.34
2026-07-10T01:20:55.563681+00:00,1420867518,-69.384
2026-07-10T01:20:55.563681+00:00,1420868983,-69.347
2026-07-10T01:20:55.563681+00:00,1420870448,-69.262
2026-07-10T01:20:55.563681+00:00,1420871913,-69.221
2026-07-10T01:20:55.563681+00:00,1420873378,-69.274
2026-07-10T01:20:55.563681+00:00,1420874842,-69.305
2026-07-10T01:20:55.563681+00:00,1420876307,-69.352
2026-07-10T01:20:55.563681+00:00,1420877772,-69.33
2026-07-10T01:20:55.563681+00:00,1420879237,-69.275
2026-07-10T01:20:55.563681+00:00,1420880702,-69.292
2026-07-10T01:20:55.563681+00:00,1420882167,-69.244
2026-07-10T01:20:55.563681+00:00,1420883632,-69.241
2026-07-10T01:20:55.563681+00:00,1420885096,-69.279
2026-07-10T01:20:55.563681+00:00,1420886561,-69.329
2026-07-10T01:20:55.563681+00:00,1420888026,-69.279
2026-07-10T01:20:55.563681+00:00,1420889491,-69.3
2026-07-10T01:20:55.563681+00:00,1420890956,-69.336
2026-07-10T01:20:55.563681+00:00,1420892421,-69.321
2026-07-10T01:20:55.563681+00:00,1420893885,-69.292
2026-07-10T01:20:55.563681+00:00,1420895350,-69.307
2026-07-10T01:20:55.563681+00:00,1420896815,-69.251
2026-07-10T01:20:55.563681+00:00,1420898280,-69.329
2026-07-10T01:20:55.563681+00:00,1420899745,-69.346
2026-07-10T01:20:55.563681+00:00,1420901210,-69.291
2026-07-10T01:20:55.563681+00:00,1420902675,-69.323
2026-07-10T01:20:55.563681+00:00,1420904139,-69.32
2026-07-10T01:20:55.563681+00:00,1420905604,-69.34
2026-07-10T01:20:55.563681+00:00,1420907069,-69.317
2026-07-10T01:20:55.563681+00:00,1420908534,-69.308
2026-07-10T01:20:55.563681+00:00,1420909999,-69.315
2026-07-10T01:20:55.563681+00:00,1420911464,-69.347
2026-07-10T01:20:55.563681+00:00,1420912928,-69.34
2026-07-10T01:20:55.563681+00:00,1420914393,-69.291
2026-07-10T01:20:55.563681+00:00,1420915858,-69.311
2026-07-10T01:20:55.563681+00:00,1420917323,-69.302
2026-07-10T01:20:55.563681+00:00,1420918788,-69.314
2026-07-10T01:20:55.563681+00:00,1420920253,-69.353
2026-07-10T01:20:55.563681+00:00,1420921717,-69.356
2026-07-10T01:20:55.563681+00:00,1420923182,-69.344
2026-07-10T01:20:55.563681+00:00,1420924647,-69.389
2026-07-10T01:20:55.563681+00:00,1420926112,-69.386
2026-07-10T01:20:55.563681+00:00,1420927577,-69.385
2026-07-10T01:20:55.563681+00:00,1420929042,-69.316
2026-07-10T01:20:55.563681+00:00,1420930507,-69.333
2026-07-10T01:20:55.563681+00:00,1420931971,-69.336
2026-07-10T01:20:55.563681+00:00,1420933436,-69.333
2026-07-10T01:20:55.563681+00:00,1420934901,-69.36
2026-07-10T01:20:55.563681+00:00,1420936366,-69.36
2026-07-10T01:20:55.563681+00:00,1420937831,-69.339
2026-07-10T01:20:55.563681+00:00,1420939296,-69.406
2026-07-10T01:20:55.563681+00:00,1420940760,-69.398
2026-07-10T01:20:55.563681+00:00,1420942225,-69.406
2026-07-10T01:20:55.563681+00:00,1420943690,-69.459
2026-07-10T01:20:55.563681+00:00,1420945155,-69.405
2026-07-10T01:20:55.563681+00:00,1420946620,-69.353
2026-07-10T01:20:55.563681+00:00,1420948085,-69.36
2026-07-10T01:20:55.563681+00:00,1420949550,-69.376
2026-07-10T01:20:55.563681+00:00,1420951014,-69.421
2026-07-10T01:20:55.563681+00:00,1420952479,-69.428
2026-07-10T01:20:55.563681+00:00,1420953944,-69.386
2026-07-10T01:20:55.563681+00:00,1420955409,-69.388
2026-07-10T01:20:55.563681+00:00,1420956874,-69.433
2026-07-10T01:20:55.563681+00:00,1420958339,-69.403
2026-07-10T01:20:55.563681+00:00,1420959803,-69.403
2026-07-10T01:20:55.563681+00:00,1420961268,-69.421
2026-07-10T01:20:55.563681+00:00,1420962733,-69.444
2026-07-10T01:20:55.563681+00:00,1420964198,-69.448
2026-07-10T01:20:55.563681+00:00,1420965663,-69.402
2026-07-10T01:20:55.563681+00:00,1420967128,-69.413
2026-07-10T01:20:55.563681+00:00,1420968592,-69.456
2026-07-10T01:20:55.563681+00:00,1420970057,-69.45
2026-07-10T01:20:55.563681+00:00,1420971522,-69.439
2026-07-10T01:20:55.563681+00:00,1420972987,-69.446
2026-07-10T01:20:55.563681+00:00,1420974452,-69.419
2026-07-10T01:20:55.563681+00:00,1420975917,-69.461
2026-07-10T01:20:55.563681+00:00,1420977382,-69.433
2026-07-10T01:20:55.563681+00:00,1420978846,-69.405
2026-07-10T01:20:55.563681+00:00,1420980311,-69.47
2026-07-10T01:20:55.563681+00:00,1420981776,-69.558
2026-07-10T01:20:55.563681+00:00,1420983241,-69.497
2026-07-10T01:20:55.563681+00:00,1420984706,-69.479
2026-07-10T01:20:55.563681+00:00,1420986171,-69.536
2026-07-10T01:20:55.563681+00:00,1420987635,-69.489
2026-07-10T01:20:55.563681+00:00,1420989100,-69.468
2026-07-10T01:20:55.563681+00:00,1420990565,-69.51
2026-07-10T01:20:55.563681+00:00,1420992030,-69.448
2026-07-10T01:20:55.563681+00:00,1420993495,-69.469
2026-07-10T01:20:55.563681+00:00,1420994960,-69.486
2026-07-10T01:20:55.563681+00:00,1420996425,-69.524
2026-07-10T01:20:55.563681+00:00,1420997889,-69.518
2026-07-10T01:20:55.563681+00:00,1420999354,-69.5
2026-07-10T01:20:55.563681+00:00,1421000819,-69.523
2026-07-10T01:20:55.563681+00:00,1421002284,-69.512
2026-07-10T01:20:55.563681+00:00,1421003749,-69.533
2026-07-10T01:20:55.563681+00:00,1421005214,-69.552
2026-07-10T01:20:55.563681+00:00,1421006678,-69.554
2026-07-10T01:20:55.563681+00:00,1421008143,-69.551
2026-07-10T01:20:55.563681+00:00,1421009608,-69.55
2026-07-10T01:20:55.563681+00:00,1421011073,-69.626
2026-07-10T01:20:55.563681+00:00,1421012538,-69.564
2026-07-10T01:20:55.563681+00:00,1421014003,-69.552
2026-07-10T01:20:55.563681+00:00,1421015467,-69.593
2026-07-10T01:20:55.563681+00:00,1421016932,-69.604
2026-07-10T01:20:55.563681+00:00,1421018397,-69.599
2026-07-10T01:20:55.563681+00:00,1421019862,-69.587
2026-07-10T01:20:55.563681+00:00,1421021327,-69.57
2026-07-10T01:20:55.563681+00:00,1421022792,-69.581
2026-07-10T01:20:55.563681+00:00,1421024257,-69.567
2026-07-10T01:20:55.563681+00:00,1421025721,-69.586
2026-07-10T01:20:55.563681+00:00,1421027186,-69.554
2026-07-10T01:20:55.563681+00:00,1421028651,-69.544
2026-07-10T01:20:55.563681+00:00,1421030116,-69.6
2026-07-10T01:20:55.563681+00:00,1421031581,-69.642
2026-07-10T01:20:55.563681+00:00,1421033046,-69.611
2026-07-10T01:20:55.563681+00:00,1421034510,-69.611
2026-07-10T01:20:55.563681+00:00,1421035975,-69.639
2026-07-10T01:20:55.563681+00:00,1421037440,-69.718
2026-07-10T01:20:55.563681+00:00,1421038905,-69.693
2026-07-10T01:20:55.563681+00:00,1421040370,-69.596
2026-07-10T01:20:55.563681+00:00,1421041835,-69.587
2026-07-10T01:20:55.563681+00:00,1421043300,-69.586
2026-07-10T01:20:55.563681+00:00,1421044764,-69.677
2026-07-10T01:20:55.563681+00:00,1421046229,-69.65
2026-07-10T01:20:55.563681+00:00,1421047694,-69.672
2026-07-10T01:20:55.563681+00:00,1421049159,-69.678
2026-07-10T01:20:55.563681+00:00,1421050624,-69.68
2026-07-10T01:20:55.563681+00:00,1421052089,-69.653
2026-07-10T01:20:55.563681+00:00,1421053553,-69.73
2026-07-10T01:20:55.563681+00:00,1421055018,-69.67
2026-07-10T01:20:55.563681+00:00,1421056483,-69.678
2026-07-10T01:20:55.563681+00:00,1421057948,-69.716
2026-07-10T01:20:55.563681+00:00,1421059413,-69.742
2026-07-10T01:20:55.563681+00:00,1421060878,-69.739
2026-07-10T01:20:55.563681+00:00,1421062342,-69.729
2026-07-10T01:20:55.563681+00:00,1421063807,-69.698
2026-07-10T01:20:55.563681+00:00,1421065272,-69.726
2026-07-10T01:20:55.563681+00:00,1421066737,-69.751
2026-07-10T01:20:55.563681+00:00,1421068202,-69.722
2026-07-10T01:20:55.563681+00:00,1421069667,-69.768
2026-07-10T01:20:55.563681+00:00,1421071132,-69.773
2026-07-10T01:20:55.563681+00:00,1421072596,-69.746
2026-07-10T01:20:55.563681+00:00,1421074061,-69.77
2026-07-10T01:20:55.563681+00:00,1421075526,-69.811
2026-07-10T01:20:55.563681+00:00,1421076991,-69.76
2026-07-10T01:20:55.563681+00:00,1421078456,-69.797
2026-07-10T01:20:55.563681+00:00,1421079921,-69.865
2026-07-10T01:20:55.563681+00:00,1421081385,-69.846
2026-07-10T01:20:55.563681+00:00,1421082850,-69.827
2026-07-10T01:20:55.563681+00:00,1421084315,-69.87
2026-07-10T01:20:55.563681+00:00,1421085780,-69.844
2026-07-10T01:20:55.563681+00:00,1421087245,-69.847
2026-07-10T01:20:55.563681+00:00,1421088710,-69.826
2026-07-10T01:20:55.563681+00:00,1421090175,-69.807
2026-07-10T01:20:55.563681+00:00,1421091639,-69.845
2026-07-10T01:20:55.563681+00:00,1421093104,-69.899
2026-07-10T01:20:55.563681+00:00,1421094569,-69.901
2026-07-10T01:20:55.563681+00:00,1421096034,-69.958
2026-07-10T01:20:55.563681+00:00,1421097499,-69.972
2026-07-10T01:20:55.563681+00:00,1421098964,-69.966
2026-07-10T01:20:55.563681+00:00,1421100428,-69.927
2026-07-10T01:20:55.563681+00:00,1421101893,-69.92
2026-07-10T01:20:55.563681+00:00,1421103358,-69.931
2026-07-10T01:20:55.563681+00:00,1421104823,-69.943
2026-07-10T01:20:55.563681+00:00,1421106288,-69.966
2026-07-10T01:20:55.563681+00:00,1421107753,-69.9
2026-07-10T01:20:55.563681+00:00,1421109217,-69.914
2026-07-10T01:20:55.563681+00:00,1421110682,-69.946
2026-07-10T01:20:55.563681+00:00,1421112147,-69.987
2026-07-10T01:20:55.563681+00:00,1421113612,-69.971
2026-07-10T01:20:55.563681+00:00,1421115077,-69.948
2026-07-10T01:20:55.563681+00:00,1421116542,-69.898
2026-07-10T01:20:55.563681+00:00,1421118007,-69.903
2026-07-10T01:20:55.563681+00:00,1421119471,-69.977
2026-07-10T01:20:55.563681+00:00,1421120936,-70.016
2026-07-10T01:20:55.563681+00:00,1421122401,-69.997
2026-07-10T01:20:55.563681+00:00,1421123866,-69.97
2026-07-10T01:20:55.563681+00:00,1421125331,-69.996
2026-07-10T01:20:55.563681+00:00,1421126796,-69.97
2026-07-10T01:20:55.563681+00:00,1421128260,-70.029
2026-07-10T01:20:55.563681+00:00,1421129725,-70.036
2026-07-10T01:20:55.563681+00:00,1421131190,-69.989
2026-07-10T01:20:55.563681+00:00,1421132655,-70.08
2026-07-10T01:20:55.563681+00:00,1421134120,-70.044
2026-07-10T01:20:55.563681+00:00,1421135585,-70.01
2026-07-10T01:20:55.563681+00:00,1421137050,-70.016
2026-07-10T01:20:55.563681+00:00,1421138514,-70.125
2026-07-10T01:20:55.563681+00:00,1421139979,-70.098
2026-07-10T01:20:55.563681+00:00,1421141444,-70.135
2026-07-10T01:20:55.563681+00:00,1421142909,-70.106
2026-07-10T01:20:55.563681+00:00,1421144374,-70.173
2026-07-10T01:20:55.563681+00:00,1421145839,-70.185
2026-07-10T01:20:55.563681+00:00,1421147303,-70.08
2026-07-10T01:20:55.563681+00:00,1421148768,-70.156
2026-07-10T01:20:55.563681+00:00,1421150233,-70.228
2026-07-10T01:20:55.563681+00:00,1421151698,-70.18
2026-07-10T01:20:55.563681+00:00,1421153163,-70.185
2026-07-10T01:20:55.563681+00:00,1421154628,-70.181
2026-07-10T01:20:55.563681+00:00,1421156092,-70.221
2026-07-10T01:20:55.563681+00:00,1421157557,-70.229
2026-07-10T01:20:55.563681+00:00,1421159022,-70.261
2026-07-10T01:20:55.563681+00:00,1421160487,-70.24
2026-07-10T01:20:55.563681+00:00,1421161952,-70.189
2026-07-10T01:20:55.563681+00:00,1421163417,-70.29
2026-07-10T01:20:55.563681+00:00,1421164882,-70.285
2026-07-10T01:20:55.563681+00:00,1421166346,-70.226
2026-07-10T01:20:55.563681+00:00,1421167811,-70.243
2026-07-10T01:20:55.563681+00:00,1421169276,-70.282
2026-07-10T01:20:55.563681+00:00,1421170741,-70.301
2026-07-10T01:20:55.563681+00:00,1421172206,-70.291
2026-07-10T01:20:55.563681+00:00,1421173671,-70.273
2026-07-10T01:20:55.563681+00:00,1421175135,-70.278
2026-07-10T01:20:55.563681+00:00,1421176600,-70.242
2026-07-10T01:20:55.563681+00:00,1421178065,-70.29
2026-07-10T01:20:55.563681+00:00,1421179530,-70.387
2026-07-10T01:20:55.563681+00:00,1421180995,-70.319
2026-07-10T01:20:55.563681+00:00,1421182460,-70.371
2026-07-10T01:20:55.563681+00:00,1421183925,-70.368
2026-07-10T01:20:55.563681+00:00,1421185389,-70.38
2026-07-10T01:20:55.563681+00:00,1421186854,-70.343
2026-07-10T01:20:55.563681+00:00,1421188319,-70.39
2026-07-10T01:20:55.563681+00:00,1421189784,-70.497
2026-07-10T01:20:55.563681+00:00,1421191249,-70.452
2026-07-10T01:20:55.563681+00:00,1421192714,-70.495
2026-07-10T01:20:55.563681+00:00,1421194178,-70.424
2026-07-10T01:20:55.563681+00:00,1421195643,-70.503
2026-07-10T01:20:55.563681+00:00,1421197108,-70.5
2026-07-10T01:20:55.563681+00:00,1421198573,-70.407
2026-07-10T01:20:55.563681+00:00,1421200038,-70.42
2026-07-10T01:20:55.563681+00:00,1421201503,-70.394
2026-07-10T01:20:55.563681+00:00,1421202967,-70.442
2026-07-10T01:20:55.563681+00:00,1421204432,-70.375
2026-07-10T01:20:55.563681+00:00,1421205897,-70.46
2026-07-10T01:20:55.563681+00:00,1421207362,-70.522
2026-07-10T01:20:55.563681+00:00,1421208827,-70.539
2026-07-10T01:20:55.563681+00:00,1421210292,-70.531
2026-07-10T01:20:55.563681+00:00,1421211757,-70.52
2026-07-10T01:20:55.563681+00:00,1421213221,-70.454
2026-07-10T01:20:55.563681+00:00,1421214686,-70.531
2026-07-10T01:20:55.563681+00:00,1421216151,-70.585
2026-07-10T01:20:55.563681+00:00,1421217616,-70.548
2026-07-10T01:20:55.563681+00:00,1421219081,-70.489
2026-07-10T01:20:55.563681+00:00,1421220546,-70.497
2026-07-10T01:20:55.563681+00:00,1421222010,-70.54
2026-07-10T01:20:55.563681+00:00,1421223475,-70.575
2026-07-10T01:20:55.563681+00:00,1421224940,-70.562
2026-07-10T01:20:55.563681+00:00,1421226405,-70.569
2026-07-10T01:20:55.563681+00:00,1421227870,-70.537
2026-07-10T01:20:55.563681+00:00,1421229335,-70.524
2026-07-10T01:20:55.563681+00:00,1421230800,-70.546
2026-07-10T01:20:55.563681+00:00,1421232264,-70.574
2026-07-10T01:20:55.563681+00:00,1421233729,-70.56
2026-07-10T01:20:55.563681+00:00,1421235194,-70.574
2026-07-10T01:20:55.563681+00:00,1421236659,-70.546
2026-07-10T01:20:55.563681+00:00,1421238124,-70.582
2026-07-10T01:20:55.563681+00:00,1421239589,-70.611
2026-07-10T01:20:55.563681+00:00,1421241053,-70.641
2026-07-10T01:20:55.563681+00:00,1421242518,-70.617
2026-07-10T01:20:55.563681+00:00,1421243983,-70.591
2026-07-10T01:20:55.563681+00:00,1421245448,-70.592
2026-07-10T01:20:55.563681+00:00,1421246913,-70.587
2026-07-10T01:20:55.563681+00:00,1421248378,-70.66
2026-07-10T01:20:55.563681+00:00,1421249842,-70.658
2026-07-10T01:20:55.563681+00:00,1421251307,-70.606
2026-07-10T01:20:55.563681+00:00,1421252772,-70.618
2026-07-10T01:20:55.563681+00:00,1421254237,-70.701
2026-07-10T01:20:55.563681+00:00,1421255702,-70.604
2026-07-10T01:20:55.563681+00:00,1421257167,-70.615
2026-07-10T01:20:55.563681+00:00,1421258632,-70.629
2026-07-10T01:20:55.563681+00:00,1421260096,-70.609
2026-07-10T01:20:55.563681+00:00,1421261561,-70.613
2026-07-10T01:20:55.563681+00:00,1421263026,-70.586
2026-07-10T01:20:55.563681+00:00,1421264491,-70.598
2026-07-10T01:20:55.563681+00:00,1421265956,-70.633
2026-07-10T01:20:55.563681+00:00,1421267421,-70.64
2026-07-10T01:20:55.563681+00:00,1421268885,-70.656
2026-07-10T01:20:55.563681+00:00,1421270350,-70.65
2026-07-10T01:20:55.563681+00:00,1421271815,-70.666
2026-07-10T01:20:55.563681+00:00,1421273280,-70.64
2026-07-10T01:20:55.563681+00:00,1421274745,-70.615
2026-07-10T01:20:55.563681+00:00,1421276210,-70.675
2026-07-10T01:20:55.563681+00:00,1421277675,-70.67
2026-07-10T01:20:55.563681+00:00,1421279139,-70.67
2026-07-10T01:20:55.563681+00:00,1421280604,-70.655
2026-07-10T01:20:55.563681+00:00,1421282069,-70.673
2026-07-10T01:20:55.563681+00:00,1421283534,-70.648
2026-07-10T01:20:55.563681+00:00,1421284999,-70.681
2026-07-10T01:20:55.563681+00:00,1421286464,-70.646
2026-07-10T01:20:55.563681+00:00,1421287928,-70.65
2026-07-10T01:20:55.563681+00:00,1421289393,-70.653
2026-07-10T01:20:55.563681+00:00,1421290858,-70.673
2026-07-10T01:20:55.563681+00:00,1421292323,-70.695
2026-07-10T01:20:55.563681+00:00,1421293788,-70.669
2026-07-10T01:20:55.563681+00:00,1421295253,-70.68
2026-07-10T01:20:55.563681+00:00,1421296717,-70.733
2026-07-10T01:20:55.563681+00:00,1421298182,-70.685
2026-07-10T01:20:55.563681+00:00,1421299647,-70.688
2026-07-10T01:20:55.563681+00:00,1421301112,-70.695
2026-07-10T01:20:55.563681+00:00,1421302577,-70.731
2026-07-10T01:20:55.563681+00:00,1421304042,-70.789
2026-07-10T01:20:55.563681+00:00,1421305507,-70.739
2026-07-10T01:20:55.563681+00:00,1421306971,-70.737
2026-07-10T01:20:55.563681+00:00,1421308436,-70.731
2026-07-10T01:20:55.563681+00:00,1421309901,-70.737
