timestamp_utc,frequency_hz,power_db
2026-03-30T07:47:37.663686+00:00,1419405800.0,-55.07254548749455
2026-03-30T07:47:37.663686+00:00,1419407802.002002,-55.0895341995413
2026-03-30T07:47:37.663686+00:00,1419409804.004004,-54.74927668471926
2026-03-30T07:47:37.663686+00:00,1419411806.006006,-56.2635481000165
2026-03-30T07:47:37.663686+00:00,1419413808.008008,-54.58107426961044
2026-03-30T07:47:37.663686+00:00,1419415810.01001,-55.00796504350134
2026-03-30T07:47:37.663686+00:00,1419417812.012012,-56.083744517007545
2026-03-30T07:47:37.663686+00:00,1419419814.014014,-55.91958263228168
2026-03-30T07:47:37.663686+00:00,1419421816.016016,-56.897289012103926
2026-03-30T07:47:37.663686+00:00,1419423818.018018,-56.0909765085003
2026-03-30T07:47:37.663686+00:00,1419425820.02002,-53.906610177433606
2026-03-30T07:47:37.663686+00:00,1419427822.022022,-55.7673611741208
2026-03-30T07:47:37.663686+00:00,1419429824.024024,-54.231209328428726
2026-03-30T07:47:37.663686+00:00,1419431826.026026,-54.93056110496716
2026-03-30T07:47:37.663686+00:00,1419433828.028028,-53.38125769136439
2026-03-30T07:47:37.663686+00:00,1419435830.03003,-54.58300595494425
2026-03-30T07:47:37.663686+00:00,1419437832.032032,-54.97195520030067
2026-03-30T07:47:37.663686+00:00,1419439834.034034,-53.63176101184763
2026-03-30T07:47:37.663686+00:00,1419441836.036036,-54.94346369885694
2026-03-30T07:47:37.663686+00:00,1419443838.038038,-54.4309720802945
2026-03-30T07:47:37.663686+00:00,1419445840.04004,-54.40745772902324
2026-03-30T07:47:37.663686+00:00,1419447842.042042,-52.724719702448404
2026-03-30T07:47:37.663686+00:00,1419449844.044044,-52.43554030979384
2026-03-30T07:47:37.663686+00:00,1419451846.046046,-53.62981510169237
2026-03-30T07:47:37.663686+00:00,1419453848.048048,-53.23106166968219
2026-03-30T07:47:37.663686+00:00,1419455850.05005,-50.890810202672725
2026-03-30T07:47:37.663686+00:00,1419457852.052052,-50.03260958495988
2026-03-30T07:47:37.663686+00:00,1419459854.054054,-50.86401297499595
2026-03-30T07:47:37.663686+00:00,1419461856.056056,-49.814871287470034
2026-03-30T07:47:37.663686+00:00,1419463858.058058,-50.68216954647812
2026-03-30T07:47:37.663686+00:00,1419465860.06006,-49.86613000998022
2026-03-30T07:47:37.663686+00:00,1419467862.062062,-49.02602292548978
2026-03-30T07:47:37.663686+00:00,1419469864.064064,-49.24655884875015
2026-03-30T07:47:37.663686+00:00,1419471866.066066,-47.8259969047182
2026-03-30T07:47:37.663686+00:00,1419473868.068068,-50.64233270630408
2026-03-30T07:47:37.663686+00:00,1419475870.07007,-48.40440905380848
2026-03-30T07:47:37.663686+00:00,1419477872.072072,-48.31595664011036
2026-03-30T07:47:37.663686+00:00,1419479874.074074,-47.59148735721473
2026-03-30T07:47:37.663686+00:00,1419481876.076076,-47.59147352963853
2026-03-30T07:47:37.663686+00:00,1419483878.078078,-47.663787273996725
2026-03-30T07:47:37.663686+00:00,1419485880.08008,-46.44649467210226
2026-03-30T07:47:37.663686+00:00,1419487882.082082,-48.508124264240784
2026-03-30T07:47:37.663686+00:00,1419489884.084084,-44.32342763013935
2026-03-30T07:47:37.663686+00:00,1419491886.086086,-47.18263964991282
2026-03-30T07:47:37.663686+00:00,1419493888.088088,-45.89871089631768
2026-03-30T07:47:37.663686+00:00,1419495890.09009,-45.284697692832935
2026-03-30T07:47:37.663686+00:00,1419497892.092092,-43.9937005003732
2026-03-30T07:47:37.663686+00:00,1419499894.094094,-46.67682330162078
2026-03-30T07:47:37.663686+00:00,1419501896.096096,-44.134364878021294
2026-03-30T07:47:37.663686+00:00,1419503898.098098,-44.24673951751351
2026-03-30T07:47:37.663686+00:00,1419505900.1001,-44.67796396943777
2026-03-30T07:47:37.663686+00:00,1419507902.102102,-44.12480510649696
2026-03-30T07:47:37.663686+00:00,1419509904.104104,-43.395246300144066
2026-03-30T07:47:37.663686+00:00,1419511906.106106,-43.39974599617425
2026-03-30T07:47:37.663686+00:00,1419513908.108108,-44.370161993548976
2026-03-30T07:47:37.663686+00:00,1419515910.11011,-45.43352857752183
2026-03-30T07:47:37.663686+00:00,1419517912.112112,-42.61992347236566
2026-03-30T07:47:37.663686+00:00,1419519914.114114,-43.31769453447427
2026-03-30T07:47:37.663686+00:00,1419521916.116116,-41.26806771839902
2026-03-30T07:47:37.663686+00:00,1419523918.118118,-41.91482112962652
2026-03-30T07:47:37.663686+00:00,1419525920.12012,-41.08961876778607
2026-03-30T07:47:37.663686+00:00,1419527922.122122,-41.838453586964
2026-03-30T07:47:37.663686+00:00,1419529924.124124,-44.55789081682328
2026-03-30T07:47:37.663686+00:00,1419531926.126126,-39.88525715163366
2026-03-30T07:47:37.663686+00:00,1419533928.128128,-42.003789155827796
2026-03-30T07:47:37.663686+00:00,1419535930.13013,-40.37715933834503
2026-03-30T07:47:37.663686+00:00,1419537932.132132,-41.15703821316438
2026-03-30T07:47:37.663686+00:00,1419539934.134134,-40.51937726115434
2026-03-30T07:47:37.663686+00:00,1419541936.136136,-40.57066305950456
2026-03-30T07:47:37.663686+00:00,1419543938.138138,-40.223271593526285
2026-03-30T07:47:37.663686+00:00,1419545940.14014,-42.146810647437505
2026-03-30T07:47:37.663686+00:00,1419547942.142142,-38.86089780568856
2026-03-30T07:47:37.663686+00:00,1419549944.144144,-40.056238470266315
2026-03-30T07:47:37.663686+00:00,1419551946.146146,-40.03657069475633
2026-03-30T07:47:37.663686+00:00,1419553948.148148,-37.66234050862682
2026-03-30T07:47:37.663686+00:00,1419555950.15015,-37.26612501617349
2026-03-30T07:47:37.663686+00:00,1419557952.152152,-41.21877890221458
2026-03-30T07:47:37.663686+00:00,1419559954.154154,-36.760504884180584
2026-03-30T07:47:37.663686+00:00,1419561956.156156,-37.02840757635723
2026-03-30T07:47:37.663686+00:00,1419563958.158158,-36.957111627213514
2026-03-30T07:47:37.663686+00:00,1419565960.16016,-36.51247050293544
2026-03-30T07:47:37.663686+00:00,1419567962.162162,-42.15286159193008
2026-03-30T07:47:37.663686+00:00,1419569964.164164,-37.41186731911712
2026-03-30T07:47:37.663686+00:00,1419571966.166166,-37.6226223698069
2026-03-30T07:47:37.663686+00:00,1419573968.168168,-36.4005803961833
2026-03-30T07:47:37.663686+00:00,1419575970.17017,-36.97838811303348
2026-03-30T07:47:37.663686+00:00,1419577972.172172,-37.575434351551166
2026-03-30T07:47:37.663686+00:00,1419579974.174174,-39.04085926440684
2026-03-30T07:47:37.663686+00:00,1419581976.176176,-35.137113751128005
2026-03-30T07:47:37.663686+00:00,1419583978.178178,-37.27493256496265
2026-03-30T07:47:37.663686+00:00,1419585980.18018,-35.290024671378596
2026-03-30T07:47:37.663686+00:00,1419587982.182182,-37.911616761933345
2026-03-30T07:47:37.663686+00:00,1419589984.184184,-38.04632459501455
2026-03-30T07:47:37.663686+00:00,1419591986.186186,-37.31703275685968
2026-03-30T07:47:37.663686+00:00,1419593988.188188,-36.20815473684887
2026-03-30T07:47:37.663686+00:00,1419595990.19019,-36.59518530674762
2026-03-30T07:47:37.663686+00:00,1419597992.192192,-35.74422171122878
2026-03-30T07:47:37.663686+00:00,1419599994.194194,-34.9272252285719
2026-03-30T07:47:37.663686+00:00,1419601996.196196,-35.1463161305646
2026-03-30T07:47:37.663686+00:00,1419603998.198198,-36.31569612193713
2026-03-30T07:47:37.663686+00:00,1419606000.2002003,-35.115169472985166
2026-03-30T07:47:37.663686+00:00,1419608002.2022023,-34.58348125729378
2026-03-30T07:47:37.663686+00:00,1419610004.2042043,-34.056979662257056
2026-03-30T07:47:37.663686+00:00,1419612006.2062063,-36.058521097507125
2026-03-30T07:47:37.663686+00:00,1419614008.2082083,-33.80624677330118
2026-03-30T07:47:37.663686+00:00,1419616010.2102103,-34.63909631820018
2026-03-30T07:47:37.663686+00:00,1419618012.2122123,-36.65074922019646
2026-03-30T07:47:37.663686+00:00,1419620014.2142143,-34.63724534366875
2026-03-30T07:47:37.663686+00:00,1419622016.2162163,-34.22561339881204
2026-03-30T07:47:37.663686+00:00,1419624018.2182183,-34.55108334534151
2026-03-30T07:47:37.663686+00:00,1419626020.2202203,-34.00624841647476
2026-03-30T07:47:37.663686+00:00,1419628022.2222223,-34.36839039874594
2026-03-30T07:47:37.663686+00:00,1419630024.2242243,-34.43639578592525
2026-03-30T07:47:37.663686+00:00,1419632026.2262263,-33.90293002917114
2026-03-30T07:47:37.663686+00:00,1419634028.2282283,-32.620947352434484
2026-03-30T07:47:37.663686+00:00,1419636030.2302303,-35.78601372173792
2026-03-30T07:47:37.663686+00:00,1419638032.2322323,-33.82239800252339
2026-03-30T07:47:37.663686+00:00,1419640034.2342343,-31.97993391633128
2026-03-30T07:47:37.663686+00:00,1419642036.2362363,-35.78111871736956
2026-03-30T07:47:37.663686+00:00,1419644038.2382383,-32.75689252703253
2026-03-30T07:47:37.663686+00:00,1419646040.2402403,-34.29312134585396
2026-03-30T07:47:37.663686+00:00,1419648042.2422423,-32.93366852305039
2026-03-30T07:47:37.663686+00:00,1419650044.2442443,-35.29460378951992
2026-03-30T07:47:37.663686+00:00,1419652046.2462463,-34.543993315784014
2026-03-30T07:47:37.663686+00:00,1419654048.2482483,-34.562391645954094
2026-03-30T07:47:37.663686+00:00,1419656050.2502503,-33.770427687010404
2026-03-30T07:47:37.663686+00:00,1419658052.2522523,-32.41304924170645
2026-03-30T07:47:37.663686+00:00,1419660054.2542543,-32.17365967214303
2026-03-30T07:47:37.663686+00:00,1419662056.2562563,-34.04480400810725
2026-03-30T07:47:37.663686+00:00,1419664058.2582583,-32.758594879247845
2026-03-30T07:47:37.663686+00:00,1419666060.2602603,-32.97512558963818
2026-03-30T07:47:37.663686+00:00,1419668062.2622623,-33.97565440190651
2026-03-30T07:47:37.663686+00:00,1419670064.2642643,-33.23750478183663
2026-03-30T07:47:37.663686+00:00,1419672066.2662663,-31.70023800902041
2026-03-30T07:47:37.663686+00:00,1419674068.2682683,-33.09481324690421
2026-03-30T07:47:37.663686+00:00,1419676070.2702703,-35.82986725149785
2026-03-30T07:47:37.663686+00:00,1419678072.2722723,-33.1381286639642
2026-03-30T07:47:37.663686+00:00,1419680074.2742743,-33.21757349867112
2026-03-30T07:47:37.663686+00:00,1419682076.2762764,-34.41696526594588
2026-03-30T07:47:37.663686+00:00,1419684078.2782784,-32.499052400163805
2026-03-30T07:47:37.663686+00:00,1419686080.2802804,-32.96980358766704
2026-03-30T07:47:37.663686+00:00,1419688082.2822824,-34.44052948460759
2026-03-30T07:47:37.663686+00:00,1419690084.2842844,-32.80891776048289
2026-03-30T07:47:37.663686+00:00,1419692086.2862864,-33.08301675034105
2026-03-30T07:47:37.663686+00:00,1419694088.2882884,-34.383966680332826
2026-03-30T07:47:37.663686+00:00,1419696090.2902904,-33.30748181854403
2026-03-30T07:47:37.663686+00:00,1419698092.2922924,-34.96126037701615
2026-03-30T07:47:37.663686+00:00,1419700094.2942944,-34.90706661389418
2026-03-30T07:47:37.663686+00:00,1419702096.2962964,-35.40570768171175
2026-03-30T07:47:37.663686+00:00,1419704098.2982984,-32.44312693327402
2026-03-30T07:47:37.663686+00:00,1419706100.3003004,-34.96451109767005
2026-03-30T07:47:37.663686+00:00,1419708102.3023024,-35.24485112140681
2026-03-30T07:47:37.663686+00:00,1419710104.3043044,-32.25888487378088
2026-03-30T07:47:37.663686+00:00,1419712106.3063064,-34.34873864601739
2026-03-30T07:47:37.663686+00:00,1419714108.3083084,-32.91511433913758
2026-03-30T07:47:37.663686+00:00,1419716110.3103104,-33.73206134217841
2026-03-30T07:47:37.663686+00:00,1419718112.3123124,-35.728756389030764
2026-03-30T07:47:37.663686+00:00,1419720114.3143144,-32.726323707662644
2026-03-30T07:47:37.663686+00:00,1419722116.3163164,-33.21718188910694
2026-03-30T07:47:37.663686+00:00,1419724118.3183184,-33.64240696618908
2026-03-30T07:47:37.663686+00:00,1419726120.3203204,-34.14462587876114
2026-03-30T07:47:37.663686+00:00,1419728122.3223224,-35.72880375182649
2026-03-30T07:47:37.663686+00:00,1419730124.3243244,-34.96058114411111
2026-03-30T07:47:37.663686+00:00,1419732126.3263264,-31.864151108514903
2026-03-30T07:47:37.663686+00:00,1419734128.3283284,-33.78630784021463
2026-03-30T07:47:37.663686+00:00,1419736130.3303304,-34.77225305300284
2026-03-30T07:47:37.663686+00:00,1419738132.3323324,-34.30684028993132
2026-03-30T07:47:37.663686+00:00,1419740134.3343344,-36.685189641164165
2026-03-30T07:47:37.663686+00:00,1419742136.3363364,-33.284239722755224
2026-03-30T07:47:37.663686+00:00,1419744138.3383384,-37.53151046608295
2026-03-30T07:47:37.663686+00:00,1419746140.3403404,-34.16292820351541
2026-03-30T07:47:37.663686+00:00,1419748142.3423424,-34.39732919673679
2026-03-30T07:47:37.663686+00:00,1419750144.3443444,-33.49534347252721
2026-03-30T07:47:37.663686+00:00,1419752146.3463464,-32.44309233485546
2026-03-30T07:47:37.663686+00:00,1419754148.3483484,-33.63540998187621
2026-03-30T07:47:37.663686+00:00,1419756150.3503504,-33.43567539755393
2026-03-30T07:47:37.663686+00:00,1419758152.3523524,-34.21354262596683
2026-03-30T07:47:37.663686+00:00,1419760154.3543544,-34.851141511499954
2026-03-30T07:47:37.663686+00:00,1419762156.3563564,-33.78248384202374
2026-03-30T07:47:37.663686+00:00,1419764158.3583584,-33.08268038318405
2026-03-30T07:47:37.663686+00:00,1419766160.3603604,-33.31490383035532
2026-03-30T07:47:37.663686+00:00,1419768162.3623624,-34.83763468837709
2026-03-30T07:47:37.663686+00:00,1419770164.3643644,-32.60161715552929
2026-03-30T07:47:37.663686+00:00,1419772166.3663664,-33.71382034852658
2026-03-30T07:47:37.663686+00:00,1419774168.3683684,-34.24816949135824
2026-03-30T07:47:37.663686+00:00,1419776170.3703704,-34.25613374127621
2026-03-30T07:47:37.663686+00:00,1419778172.3723724,-34.86352841125589
2026-03-30T07:47:37.663686+00:00,1419780174.3743744,-33.19560018769711
2026-03-30T07:47:37.663686+00:00,1419782176.3763764,-36.17922034700983
2026-03-30T07:47:37.663686+00:00,1419784178.3783784,-33.3552005405757
2026-03-30T07:47:37.663686+00:00,1419786180.3803804,-35.159634714165996
2026-03-30T07:47:37.663686+00:00,1419788182.3823824,-35.05333903658018
2026-03-30T07:47:37.663686+00:00,1419790184.3843844,-36.00098015399496
2026-03-30T07:47:37.663686+00:00,1419792186.3863864,-33.77365255398763
2026-03-30T07:47:37.663686+00:00,1419794188.3883884,-32.88895703283428
2026-03-30T07:47:37.663686+00:00,1419796190.3903904,-34.32026273948959
2026-03-30T07:47:37.663686+00:00,1419798192.3923924,-32.47100045629883
2026-03-30T07:47:37.663686+00:00,1419800194.3943944,-32.70917443652029
2026-03-30T07:47:37.663686+00:00,1419802196.3963964,-34.19237720991226
2026-03-30T07:47:37.663686+00:00,1419804198.3983984,-33.449872967844904
2026-03-30T07:47:37.663686+00:00,1419806200.4004004,-35.47450318807245
2026-03-30T07:47:37.663686+00:00,1419808202.4024024,-35.829356855690456
2026-03-30T07:47:37.663686+00:00,1419810204.4044044,-32.52155720120411
2026-03-30T07:47:37.663686+00:00,1419812206.4064064,-34.09825860738002
2026-03-30T07:47:37.663686+00:00,1419814208.4084084,-32.78707420351213
2026-03-30T07:47:37.663686+00:00,1419816210.4104104,-34.00207298270809
2026-03-30T07:47:37.663686+00:00,1419818212.4124124,-32.5431994073231
2026-03-30T07:47:37.663686+00:00,1419820214.4144144,-32.82608039382931
2026-03-30T07:47:37.663686+00:00,1419822216.4164164,-36.175649365849345
2026-03-30T07:47:37.663686+00:00,1419824218.4184184,-34.68893820264645
2026-03-30T07:47:37.663686+00:00,1419826220.4204204,-33.90656992220459
2026-03-30T07:47:37.663686+00:00,1419828222.4224224,-31.24941237742038
2026-03-30T07:47:37.663686+00:00,1419830224.4244244,-34.39965916028263
2026-03-30T07:47:37.663686+00:00,1419832226.4264264,-33.1733486159091
2026-03-30T07:47:37.663686+00:00,1419834228.4284284,-32.87447865193026
2026-03-30T07:47:37.663686+00:00,1419836230.4304304,-34.02500368704862
2026-03-30T07:47:37.663686+00:00,1419838232.4324324,-33.41357488715518
2026-03-30T07:47:37.663686+00:00,1419840234.4344344,-34.175451176814896
2026-03-30T07:47:37.663686+00:00,1419842236.4364364,-32.63819203990931
2026-03-30T07:47:37.663686+00:00,1419844238.4384384,-34.68487594196922
2026-03-30T07:47:37.663686+00:00,1419846240.4404404,-32.89100031300574
2026-03-30T07:47:37.663686+00:00,1419848242.4424424,-36.03934589182535
2026-03-30T07:47:37.663686+00:00,1419850244.4444444,-32.045775299020264
2026-03-30T07:47:37.663686+00:00,1419852246.4464464,-32.556370577609236
2026-03-30T07:47:37.663686+00:00,1419854248.4484484,-34.5071758448444
2026-03-30T07:47:37.663686+00:00,1419856250.4504504,-33.40677708846015
2026-03-30T07:47:37.663686+00:00,1419858252.4524524,-34.39316177676117
2026-03-30T07:47:37.663686+00:00,1419860254.4544544,-34.959906842819244
2026-03-30T07:47:37.663686+00:00,1419862256.4564564,-34.35544650948155
2026-03-30T07:47:37.663686+00:00,1419864258.4584584,-35.631091357464335
2026-03-30T07:47:37.663686+00:00,1419866260.4604604,-34.30900126715154
2026-03-30T07:47:37.663686+00:00,1419868262.4624624,-32.82508610365569
2026-03-30T07:47:37.663686+00:00,1419870264.4644644,-33.465260355526915
2026-03-30T07:47:37.663686+00:00,1419872266.4664664,-32.169308161814335
2026-03-30T07:47:37.663686+00:00,1419874268.4684684,-32.42961835350326
2026-03-30T07:47:37.663686+00:00,1419876270.4704704,-31.748495096874482
2026-03-30T07:47:37.663686+00:00,1419878272.4724724,-34.906840204320375
2026-03-30T07:47:37.663686+00:00,1419880274.4744744,-32.7746757004557
2026-03-30T07:47:37.663686+00:00,1419882276.4764764,-32.829153686006414
2026-03-30T07:47:37.663686+00:00,1419884278.4784784,-33.38047758551926
2026-03-30T07:47:37.663686+00:00,1419886280.4804804,-31.904608117121665
2026-03-30T07:47:37.663686+00:00,1419888282.4824824,-34.94919278919771
2026-03-30T07:47:37.663686+00:00,1419890284.4844844,-31.96361390336047
2026-03-30T07:47:37.663686+00:00,1419892286.4864864,-32.36477138883668
2026-03-30T07:47:37.663686+00:00,1419894288.4884884,-33.6404535400122
2026-03-30T07:47:37.663686+00:00,1419896290.4904904,-31.82781512822919
2026-03-30T07:47:37.663686+00:00,1419898292.4924924,-31.24778977598866
2026-03-30T07:47:37.663686+00:00,1419900294.4944944,-32.46791617904511
2026-03-30T07:47:37.663686+00:00,1419902296.4964964,-33.80432810921406
2026-03-30T07:47:37.663686+00:00,1419904298.4984984,-32.77597752176036
2026-03-30T07:47:37.663686+00:00,1419906300.5005004,-35.02354156934247
2026-03-30T07:47:37.663686+00:00,1419908302.5025024,-33.45203219594688
2026-03-30T07:47:37.663686+00:00,1419910304.5045044,-34.247932975790675
2026-03-30T07:47:37.663686+00:00,1419912306.5065064,-33.66991116226611
2026-03-30T07:47:37.663686+00:00,1419914308.5085084,-33.58848436390033
2026-03-30T07:47:37.663686+00:00,1419916310.5105104,-32.03659605256538
2026-03-30T07:47:37.663686+00:00,1419918312.5125124,-33.273079305263856
2026-03-30T07:47:37.663686+00:00,1419920314.5145144,-33.4372042115748
2026-03-30T07:47:37.663686+00:00,1419922316.5165164,-34.419049005771214
2026-03-30T07:47:37.663686+00:00,1419924318.5185184,-32.79311641661149
2026-03-30T07:47:37.663686+00:00,1419926320.5205204,-34.327638288112915
2026-03-30T07:47:37.663686+00:00,1419928322.5225224,-34.036424732625555
2026-03-30T07:47:37.663686+00:00,1419930324.5245245,-35.19042226471159
2026-03-30T07:47:37.663686+00:00,1419932326.5265265,-33.817326031131785
2026-03-30T07:47:37.663686+00:00,1419934328.5285285,-32.77146434521638
2026-03-30T07:47:37.663686+00:00,1419936330.5305305,-33.43598024949913
2026-03-30T07:47:37.663686+00:00,1419938332.5325325,-33.53590993921305
2026-03-30T07:47:37.663686+00:00,1419940334.5345345,-32.08091864897592
2026-03-30T07:47:37.663686+00:00,1419942336.5365365,-32.29470325697297
2026-03-30T07:47:37.663686+00:00,1419944338.5385385,-31.998614780858674
2026-03-30T07:47:37.663686+00:00,1419946340.5405405,-34.7858782155008
2026-03-30T07:47:37.663686+00:00,1419948342.5425425,-33.5320577938412
2026-03-30T07:47:37.663686+00:00,1419950344.5445445,-33.864810991478954
2026-03-30T07:47:37.663686+00:00,1419952346.5465465,-31.915835690924478
2026-03-30T07:47:37.663686+00:00,1419954348.5485485,-32.607933575379995
2026-03-30T07:47:37.663686+00:00,1419956350.5505505,-34.32963769072079
2026-03-30T07:47:37.663686+00:00,1419958352.5525525,-32.52570212574467
2026-03-30T07:47:37.663686+00:00,1419960354.5545545,-34.73805901753652
2026-03-30T07:47:37.663686+00:00,1419962356.5565565,-31.429452764272295
2026-03-30T07:47:37.663686+00:00,1419964358.5585585,-32.35961789371859
2026-03-30T07:47:37.663686+00:00,1419966360.5605605,-34.394292495071674
2026-03-30T07:47:37.663686+00:00,1419968362.5625625,-32.504345588547515
2026-03-30T07:47:37.663686+00:00,1419970364.5645645,-33.514059123002546
2026-03-30T07:47:37.663686+00:00,1419972366.5665665,-32.059683263703086
2026-03-30T07:47:37.663686+00:00,1419974368.5685685,-32.96395988645782
2026-03-30T07:47:37.663686+00:00,1419976370.5705705,-32.05746199653209
2026-03-30T07:47:37.663686+00:00,1419978372.5725725,-31.215875941647976
2026-03-30T07:47:37.663686+00:00,1419980374.5745745,-33.596834982795976
2026-03-30T07:47:37.663686+00:00,1419982376.5765765,-32.90532683674234
2026-03-30T07:47:37.663686+00:00,1419984378.5785785,-32.21864352637259
2026-03-30T07:47:37.663686+00:00,1419986380.5805805,-33.278036780529995
2026-03-30T07:47:37.663686+00:00,1419988382.5825825,-32.30535055186177
2026-03-30T07:47:37.663686+00:00,1419990384.5845845,-32.3963314016576
2026-03-30T07:47:37.663686+00:00,1419992386.5865865,-34.74115290562375
2026-03-30T07:47:37.663686+00:00,1419994388.5885885,-36.16034475945641
2026-03-30T07:47:37.663686+00:00,1419996390.5905905,-32.48780120629782
2026-03-30T07:47:37.663686+00:00,1419998392.5925925,-33.71251898629259
2026-03-30T07:47:37.663686+00:00,1420000394.5945945,-33.28237911818081
2026-03-30T07:47:37.663686+00:00,1420002396.5965965,-32.63598747055148
2026-03-30T07:47:37.663686+00:00,1420004398.5985985,-32.15420321012726
2026-03-30T07:47:37.663686+00:00,1420006400.6006007,-34.05123577559559
2026-03-30T07:47:37.663686+00:00,1420008402.6026027,-33.387347247787964
2026-03-30T07:47:37.663686+00:00,1420010404.6046047,-32.156076371652496
2026-03-30T07:47:37.663686+00:00,1420012406.6066067,-33.05614341540106
2026-03-30T07:47:37.663686+00:00,1420014408.6086087,-31.35808916912984
2026-03-30T07:47:37.663686+00:00,1420016410.6106107,-32.79092490475246
2026-03-30T07:47:37.663686+00:00,1420018412.6126127,-32.84483505555379
2026-03-30T07:47:37.663686+00:00,1420020414.6146147,-32.53475811436078
2026-03-30T07:47:37.663686+00:00,1420022416.6166167,-32.077492248021464
2026-03-30T07:47:37.663686+00:00,1420024418.6186187,-33.29835164334448
2026-03-30T07:47:37.663686+00:00,1420026420.6206207,-34.239406735636656
2026-03-30T07:47:37.663686+00:00,1420028422.6226227,-34.691226069132476
2026-03-30T07:47:37.663686+00:00,1420030424.6246247,-32.342037920381486
2026-03-30T07:47:37.663686+00:00,1420032426.6266267,-32.42063839212737
2026-03-30T07:47:37.663686+00:00,1420034428.6286287,-31.834942750558266
2026-03-30T07:47:37.663686+00:00,1420036430.6306307,-32.29842479117912
2026-03-30T07:47:37.663686+00:00,1420038432.6326327,-33.30327811697818
2026-03-30T07:47:37.663686+00:00,1420040434.6346347,-33.898382346630974
2026-03-30T07:47:37.663686+00:00,1420042436.6366367,-33.72942653181342
2026-03-30T07:47:37.663686+00:00,1420044438.6386387,-32.73303878967591
2026-03-30T07:47:37.663686+00:00,1420046440.6406407,-34.79653620728424
2026-03-30T07:47:37.663686+00:00,1420048442.6426427,-32.45572367940415
2026-03-30T07:47:37.663686+00:00,1420050444.6446447,-33.1904939889282
2026-03-30T07:47:37.663686+00:00,1420052446.6466467,-34.064850375876794
2026-03-30T07:47:37.663686+00:00,1420054448.6486487,-33.84622440536837
2026-03-30T07:47:37.663686+00:00,1420056450.6506507,-33.983510751824134
2026-03-30T07:47:37.663686+00:00,1420058452.6526527,-32.585339119803415
2026-03-30T07:47:37.663686+00:00,1420060454.6546547,-31.830598566293606
2026-03-30T07:47:37.663686+00:00,1420062456.6566567,-34.20003038918738
2026-03-30T07:47:37.663686+00:00,1420064458.6586587,-32.3140262110694
2026-03-30T07:47:37.663686+00:00,1420066460.6606607,-33.040077513366164
2026-03-30T07:47:37.663686+00:00,1420068462.6626627,-32.85728360039247
2026-03-30T07:47:37.663686+00:00,1420070464.6646647,-32.73816240366655
2026-03-30T07:47:37.663686+00:00,1420072466.6666667,-33.31399284001153
2026-03-30T07:47:37.663686+00:00,1420074468.6686687,-34.13891986275227
2026-03-30T07:47:37.663686+00:00,1420076470.6706707,-34.220182969052175
2026-03-30T07:47:37.663686+00:00,1420078472.6726727,-31.60756505986198
2026-03-30T07:47:37.663686+00:00,1420080474.6746747,-35.09942895424104
2026-03-30T07:47:37.663686+00:00,1420082476.6766768,-33.135143333631696
2026-03-30T07:47:37.663686+00:00,1420084478.6786788,-35.574458956096315
2026-03-30T07:47:37.663686+00:00,1420086480.6806808,-34.093564138520115
2026-03-30T07:47:37.663686+00:00,1420088482.6826828,-33.97524989469563
2026-03-30T07:47:37.663686+00:00,1420090484.6846848,-32.79689674291611
2026-03-30T07:47:37.663686+00:00,1420092486.6866868,-33.679654733331
2026-03-30T07:47:37.663686+00:00,1420094488.6886888,-34.71456279144332
2026-03-30T07:47:37.663686+00:00,1420096490.6906908,-34.67959788599094
2026-03-30T07:47:37.663686+00:00,1420098492.6926928,-33.83070616320055
2026-03-30T07:47:37.663686+00:00,1420100494.6946948,-33.97986568158019
2026-03-30T07:47:37.663686+00:00,1420102496.6966968,-35.04663653114612
2026-03-30T07:47:37.663686+00:00,1420104498.6986988,-32.646465165795526
2026-03-30T07:47:37.663686+00:00,1420106500.7007008,-32.99633774627505
2026-03-30T07:47:37.663686+00:00,1420108502.7027028,-33.306849100489025
2026-03-30T07:47:37.663686+00:00,1420110504.7047048,-32.13121873256368
2026-03-30T07:47:37.663686+00:00,1420112506.7067068,-33.88217194300548
2026-03-30T07:47:37.663686+00:00,1420114508.7087088,-33.55715696644875
2026-03-30T07:47:37.663686+00:00,1420116510.7107108,-32.524113980706595
2026-03-30T07:47:37.663686+00:00,1420118512.7127128,-32.501782081287715
2026-03-30T07:47:37.663686+00:00,1420120514.7147148,-33.64812308300859
2026-03-30T07:47:37.663686+00:00,1420122516.7167168,-31.58627792609902
2026-03-30T07:47:37.663686+00:00,1420124518.7187188,-32.18016152680104
2026-03-30T07:47:37.663686+00:00,1420126520.7207208,-33.25210144719986
2026-03-30T07:47:37.663686+00:00,1420128522.7227228,-32.5087150904502
2026-03-30T07:47:37.663686+00:00,1420130524.7247248,-34.10264594367746
2026-03-30T07:47:37.663686+00:00,1420132526.7267268,-32.0410082114182
2026-03-30T07:47:37.663686+00:00,1420134528.7287288,-33.997705135454986
2026-03-30T07:47:37.663686+00:00,1420136530.7307308,-34.45520514261272
2026-03-30T07:47:37.663686+00:00,1420138532.7327328,-35.07862030039188
2026-03-30T07:47:37.663686+00:00,1420140534.7347348,-33.32345468722948
2026-03-30T07:47:37.663686+00:00,1420142536.7367368,-34.37176509852487
2026-03-30T07:47:37.663686+00:00,1420144538.7387388,-32.87200924533037
2026-03-30T07:47:37.663686+00:00,1420146540.7407408,-33.671183533792444
2026-03-30T07:47:37.663686+00:00,1420148542.7427428,-32.896961568317145
2026-03-30T07:47:37.663686+00:00,1420150544.7447448,-33.308894431556304
2026-03-30T07:47:37.663686+00:00,1420152546.7467468,-33.5396412334596
2026-03-30T07:47:37.663686+00:00,1420154548.7487488,-32.607690800521546
2026-03-30T07:47:37.663686+00:00,1420156550.7507508,-33.64550445929763
2026-03-30T07:47:37.663686+00:00,1420158552.7527528,-33.817089085167616
2026-03-30T07:47:37.663686+00:00,1420160554.7547548,-32.6304711117288
2026-03-30T07:47:37.663686+00:00,1420162556.7567568,-34.00646903001823
2026-03-30T07:47:37.663686+00:00,1420164558.7587588,-33.91946211542203
2026-03-30T07:47:37.663686+00:00,1420166560.7607608,-31.77112536080327
2026-03-30T07:47:37.663686+00:00,1420168562.7627628,-34.019475032949984
2026-03-30T07:47:37.663686+00:00,1420170564.7647648,-32.21926599341601
2026-03-30T07:47:37.663686+00:00,1420172566.7667668,-34.244513732560335
2026-03-30T07:47:37.663686+00:00,1420174568.7687688,-32.1973158475583
2026-03-30T07:47:37.663686+00:00,1420176570.7707708,-34.21525772654572
2026-03-30T07:47:37.663686+00:00,1420178572.7727728,-32.46305275848043
2026-03-30T07:47:37.663686+00:00,1420180574.7747748,-31.34562919659379
2026-03-30T07:47:37.663686+00:00,1420182576.7767768,-35.28766991947105
2026-03-30T07:47:37.663686+00:00,1420184578.7787788,-34.695533986847984
2026-03-30T07:47:37.663686+00:00,1420186580.7807808,-34.228657057660136
2026-03-30T07:47:37.663686+00:00,1420188582.7827828,-34.08111960930385
2026-03-30T07:47:37.663686+00:00,1420190584.7847848,-34.351809948077324
2026-03-30T07:47:37.663686+00:00,1420192586.7867868,-32.322651643965195
2026-03-30T07:47:37.663686+00:00,1420194588.7887888,-32.03483127897349
2026-03-30T07:47:37.663686+00:00,1420196590.7907908,-32.33446888145736
2026-03-30T07:47:37.663686+00:00,1420198592.7927928,-33.09533751720284
2026-03-30T07:47:37.663686+00:00,1420200594.7947948,-33.621142249806205
2026-03-30T07:47:37.663686+00:00,1420202596.7967968,-32.86153542900383
2026-03-30T07:47:37.663686+00:00,1420204598.7987988,-35.674914262477465
2026-03-30T07:47:37.663686+00:00,1420206600.8008008,-33.66057927495216
2026-03-30T07:47:37.663686+00:00,1420208602.8028028,-35.943500685491465
2026-03-30T07:47:37.663686+00:00,1420210604.8048048,-32.25025107786427
2026-03-30T07:47:37.663686+00:00,1420212606.8068068,-32.806393022151575
2026-03-30T07:47:37.663686+00:00,1420214608.8088088,-33.18670765636499
2026-03-30T07:47:37.663686+00:00,1420216610.8108108,-34.14214058893452
2026-03-30T07:47:37.663686+00:00,1420218612.8128128,-34.1037384870176
2026-03-30T07:47:37.663686+00:00,1420220614.8148148,-36.02043497242504
2026-03-30T07:47:37.663686+00:00,1420222616.8168168,-33.27478885770394
2026-03-30T07:47:37.663686+00:00,1420224618.8188188,-34.630209110358656
2026-03-30T07:47:37.663686+00:00,1420226620.8208208,-32.970873217375605
2026-03-30T07:47:37.663686+00:00,1420228622.8228228,-33.36238002200132
2026-03-30T07:47:37.663686+00:00,1420230624.8248248,-32.81758276446984
2026-03-30T07:47:37.663686+00:00,1420232626.8268268,-33.5777996939133
2026-03-30T07:47:37.663686+00:00,1420234628.8288288,-33.18878407548451
2026-03-30T07:47:37.663686+00:00,1420236630.8308308,-32.060852389574784
2026-03-30T07:47:37.663686+00:00,1420238632.8328328,-33.71665081918247
2026-03-30T07:47:37.663686+00:00,1420240634.8348348,-32.54208281114297
2026-03-30T07:47:37.663686+00:00,1420242636.8368368,-32.365468088397705
2026-03-30T07:47:37.663686+00:00,1420244638.8388388,-34.36424463860077
2026-03-30T07:47:37.663686+00:00,1420246640.8408408,-32.742059926497774
2026-03-30T07:47:37.663686+00:00,1420248642.8428428,-33.204994418747994
2026-03-30T07:47:37.663686+00:00,1420250644.8448448,-33.909709536247384
2026-03-30T07:47:37.663686+00:00,1420252646.8468468,-32.79996141883003
2026-03-30T07:47:37.663686+00:00,1420254648.8488488,-35.52645105035787
2026-03-30T07:47:37.663686+00:00,1420256650.8508508,-32.42356679617696
2026-03-30T07:47:37.663686+00:00,1420258652.8528528,-32.09582531524541
2026-03-30T07:47:37.663686+00:00,1420260654.8548548,-33.373831187524395
2026-03-30T07:47:37.663686+00:00,1420262656.8568568,-33.86456435516891
2026-03-30T07:47:37.663686+00:00,1420264658.8588588,-32.9318855601121
2026-03-30T07:47:37.663686+00:00,1420266660.8608608,-30.969064396439
2026-03-30T07:47:37.663686+00:00,1420268662.8628628,-32.85121856369473
2026-03-30T07:47:37.663686+00:00,1420270664.8648648,-32.88928084247636
2026-03-30T07:47:37.663686+00:00,1420272666.8668668,-35.46715526472281
2026-03-30T07:47:37.663686+00:00,1420274668.8688688,-33.99563718591637
2026-03-30T07:47:37.663686+00:00,1420276670.8708708,-32.10538578160313
2026-03-30T07:47:37.663686+00:00,1420278672.8728728,-32.96973646923034
2026-03-30T07:47:37.663686+00:00,1420280674.8748748,-33.19298930642862
2026-03-30T07:47:37.663686+00:00,1420282676.8768768,-34.80926292936805
2026-03-30T07:47:37.663686+00:00,1420284678.8788788,-32.60642209815604
2026-03-30T07:47:37.663686+00:00,1420286680.8808808,-33.542449994766976
2026-03-30T07:47:37.663686+00:00,1420288682.8828828,-32.39496486466339
2026-03-30T07:47:37.663686+00:00,1420290684.8848848,-34.162803564882125
2026-03-30T07:47:37.663686+00:00,1420292686.8868868,-33.11847486826574
2026-03-30T07:47:37.663686+00:00,1420294688.8888888,-34.166259791565096
2026-03-30T07:47:37.663686+00:00,1420296690.8908908,-33.428270915640674
2026-03-30T07:47:37.663686+00:00,1420298692.8928928,-31.436445138376
2026-03-30T07:47:37.663686+00:00,1420300694.8948948,-30.701863003872017
2026-03-30T07:47:37.663686+00:00,1420302696.8968968,-33.28986979600714
2026-03-30T07:47:37.663686+00:00,1420304698.8988988,-31.605520133464363
2026-03-30T07:47:37.663686+00:00,1420306700.9009008,-34.93902294848085
2026-03-30T07:47:37.663686+00:00,1420308702.9029028,-32.98758741139107
2026-03-30T07:47:37.663686+00:00,1420310704.9049048,-33.0402202873465
2026-03-30T07:47:37.663686+00:00,1420312706.9069068,-34.040574504003125
2026-03-30T07:47:37.663686+00:00,1420314708.9089088,-33.0479067349934
2026-03-30T07:47:37.663686+00:00,1420316710.9109108,-35.60261736306274
2026-03-30T07:47:37.663686+00:00,1420318712.9129128,-33.29303961802073
2026-03-30T07:47:37.663686+00:00,1420320714.9149148,-34.77959002570832
2026-03-30T07:47:37.663686+00:00,1420322716.9169168,-33.52200515294111
2026-03-30T07:47:37.663686+00:00,1420324718.9189188,-32.38696395135497
2026-03-30T07:47:37.663686+00:00,1420326720.9209208,-32.04946716934928
2026-03-30T07:47:37.663686+00:00,1420328722.9229228,-33.52674786022849
2026-03-30T07:47:37.663686+00:00,1420330724.9249249,-32.39080552907334
2026-03-30T07:47:37.663686+00:00,1420332726.9269269,-34.513306781946795
2026-03-30T07:47:37.663686+00:00,1420334728.9289289,-33.70024644115967
2026-03-30T07:47:37.663686+00:00,1420336730.9309309,-35.147389986128516
2026-03-30T07:47:37.663686+00:00,1420338732.9329329,-31.704010450787674
2026-03-30T07:47:37.663686+00:00,1420340734.9349349,-34.17756871885905
2026-03-30T07:47:37.663686+00:00,1420342736.9369369,-32.80516397038787
2026-03-30T07:47:37.663686+00:00,1420344738.9389389,-33.53714123444154
2026-03-30T07:47:37.663686+00:00,1420346740.9409409,-35.2023994805519
2026-03-30T07:47:37.663686+00:00,1420348742.9429429,-32.76533989929858
2026-03-30T07:47:37.663686+00:00,1420350744.9449449,-34.24144655982922
2026-03-30T07:47:37.663686+00:00,1420352746.9469469,-31.518198150658034
2026-03-30T07:47:37.663686+00:00,1420354748.9489489,-31.717089298514765
2026-03-30T07:47:37.663686+00:00,1420356750.9509509,-31.650479952269844
2026-03-30T07:47:37.663686+00:00,1420358752.9529529,-31.861171522601552
2026-03-30T07:47:37.663686+00:00,1420360754.9549549,-35.23385187662891
2026-03-30T07:47:37.663686+00:00,1420362756.9569569,-33.330826152645734
2026-03-30T07:47:37.663686+00:00,1420364758.9589589,-32.56659743285347
2026-03-30T07:47:37.663686+00:00,1420366760.9609609,-33.9514420354074
2026-03-30T07:47:37.663686+00:00,1420368762.9629629,-34.7102271690433
2026-03-30T07:47:37.663686+00:00,1420370764.9649649,-34.74897633198777
2026-03-30T07:47:37.663686+00:00,1420372766.9669669,-32.19990336693428
2026-03-30T07:47:37.663686+00:00,1420374768.9689689,-34.41779553013661
2026-03-30T07:47:37.663686+00:00,1420376770.9709709,-33.70534394993117
2026-03-30T07:47:37.663686+00:00,1420378772.9729729,-32.64099898693594
2026-03-30T07:47:37.663686+00:00,1420380774.9749749,-33.77598851748174
2026-03-30T07:47:37.663686+00:00,1420382776.9769769,-32.342665614798506
2026-03-30T07:47:37.663686+00:00,1420384778.9789789,-33.311268155301654
2026-03-30T07:47:37.663686+00:00,1420386780.9809809,-33.15519978734756
2026-03-30T07:47:37.663686+00:00,1420388782.9829829,-33.194188494992694
2026-03-30T07:47:37.663686+00:00,1420390784.9849849,-35.05994445908445
2026-03-30T07:47:37.663686+00:00,1420392786.9869869,-35.17895244179184
2026-03-30T07:47:37.663686+00:00,1420394788.9889889,-32.16448456687867
2026-03-30T07:47:37.663686+00:00,1420396790.9909909,-32.6513058690015
2026-03-30T07:47:37.663686+00:00,1420398792.9929929,-33.152821767351476
2026-03-30T07:47:37.663686+00:00,1420400794.9949949,-31.14519492236215
2026-03-30T07:47:37.663686+00:00,1420402796.9969969,-35.04912307221701
2026-03-30T07:47:37.663686+00:00,1420404798.9989989,-31.476721269596712
2026-03-30T07:47:37.663686+00:00,1420406801.0010011,-33.37994544060457
2026-03-30T07:47:37.663686+00:00,1420408803.0030031,-33.53529361772865
2026-03-30T07:47:37.663686+00:00,1420410805.0050051,-34.073994484535895
2026-03-30T07:47:37.663686+00:00,1420412807.0070071,-34.18699702299462
2026-03-30T07:47:37.663686+00:00,1420414809.0090091,-34.03291095914007
2026-03-30T07:47:37.663686+00:00,1420416811.0110111,-31.937319048073324
2026-03-30T07:47:37.663686+00:00,1420418813.0130131,-31.747802187644808
2026-03-30T07:47:37.663686+00:00,1420420815.0150151,-34.16233002677681
2026-03-30T07:47:37.663686+00:00,1420422817.0170171,-34.7258360467362
2026-03-30T07:47:37.663686+00:00,1420424819.0190191,-32.311446193807114
2026-03-30T07:47:37.663686+00:00,1420426821.0210211,-31.441671272015782
2026-03-30T07:47:37.663686+00:00,1420428823.0230231,-33.19486603726347
2026-03-30T07:47:37.663686+00:00,1420430825.0250251,-33.96677945969055
2026-03-30T07:47:37.663686+00:00,1420432827.0270271,-32.82009987436457
2026-03-30T07:47:37.663686+00:00,1420434829.0290291,-34.45968106693481
2026-03-30T07:47:37.663686+00:00,1420436831.0310311,-32.929460631691335
2026-03-30T07:47:37.663686+00:00,1420438833.0330331,-34.847770997109954
2026-03-30T07:47:37.663686+00:00,1420440835.0350351,-33.10476028989207
2026-03-30T07:47:37.663686+00:00,1420442837.0370371,-33.973063703270746
2026-03-30T07:47:37.663686+00:00,1420444839.0390391,-30.913182290411253
2026-03-30T07:47:37.663686+00:00,1420446841.0410411,-34.470334319442394
2026-03-30T07:47:37.663686+00:00,1420448843.0430431,-33.04361828517707
2026-03-30T07:47:37.663686+00:00,1420450845.0450451,-32.88915812427009
2026-03-30T07:47:37.663686+00:00,1420452847.0470471,-32.31424083371104
2026-03-30T07:47:37.663686+00:00,1420454849.0490491,-33.07433156909299
2026-03-30T07:47:37.663686+00:00,1420456851.0510511,-32.17385032522526
2026-03-30T07:47:37.663686+00:00,1420458853.0530531,-33.03194606465285
2026-03-30T07:47:37.663686+00:00,1420460855.0550551,-31.487788733422125
2026-03-30T07:47:37.663686+00:00,1420462857.0570571,-35.161961594004396
2026-03-30T07:47:37.663686+00:00,1420464859.0590591,-32.79276142361149
2026-03-30T07:47:37.663686+00:00,1420466861.0610611,-32.56500643746498
2026-03-30T07:47:37.663686+00:00,1420468863.0630631,-31.67531473026241
2026-03-30T07:47:37.663686+00:00,1420470865.0650651,-32.89148177293287
2026-03-30T07:47:37.663686+00:00,1420472867.0670671,-32.72536466812998
2026-03-30T07:47:37.663686+00:00,1420474869.0690691,-33.3265225178103
2026-03-30T07:47:37.663686+00:00,1420476871.0710711,-33.35481038941886
2026-03-30T07:47:37.663686+00:00,1420478873.0730731,-32.2847101449348
2026-03-30T07:47:37.663686+00:00,1420480875.0750751,-33.58454295166981
2026-03-30T07:47:37.663686+00:00,1420482877.0770772,-35.95770954239425
2026-03-30T07:47:37.663686+00:00,1420484879.0790792,-32.44257994032557
2026-03-30T07:47:37.663686+00:00,1420486881.0810812,-31.18149889157453
2026-03-30T07:47:37.663686+00:00,1420488883.0830832,-33.03416462788494
2026-03-30T07:47:37.663686+00:00,1420490885.0850852,-34.66640927113652
2026-03-30T07:47:37.663686+00:00,1420492887.0870872,-30.439406728108143
2026-03-30T07:47:37.663686+00:00,1420494889.0890892,-35.8323375707376
2026-03-30T07:47:37.663686+00:00,1420496891.0910912,-33.42428669866779
2026-03-30T07:47:37.663686+00:00,1420498893.0930932,-32.192632212061376
2026-03-30T07:47:37.663686+00:00,1420500895.0950952,-33.35225193644583
2026-03-30T07:47:37.663686+00:00,1420502897.0970972,-31.761476281059434
2026-03-30T07:47:37.663686+00:00,1420504899.0990992,-33.87000355230811
2026-03-30T07:47:37.663686+00:00,1420506901.1011012,-34.18062554880338
2026-03-30T07:47:37.663686+00:00,1420508903.1031032,-34.73986848588415
2026-03-30T07:47:37.663686+00:00,1420510905.1051052,-34.25051358252455
2026-03-30T07:47:37.663686+00:00,1420512907.1071072,-33.13460411006312
2026-03-30T07:47:37.663686+00:00,1420514909.1091092,-32.01854179406139
2026-03-30T07:47:37.663686+00:00,1420516911.1111112,-32.96572271480094
2026-03-30T07:47:37.663686+00:00,1420518913.1131132,-32.693415094874304
2026-03-30T07:47:37.663686+00:00,1420520915.1151152,-34.30031648455826
2026-03-30T07:47:37.663686+00:00,1420522917.1171172,-32.892319195895425
2026-03-30T07:47:37.663686+00:00,1420524919.1191192,-33.087078808147076
2026-03-30T07:47:37.663686+00:00,1420526921.1211212,-33.94500689074549
2026-03-30T07:47:37.663686+00:00,1420528923.1231232,-32.20322286532372
2026-03-30T07:47:37.663686+00:00,1420530925.1251252,-30.852609024947498
2026-03-30T07:47:37.663686+00:00,1420532927.1271272,-33.58061404672525
2026-03-30T07:47:37.663686+00:00,1420534929.1291292,-33.33429366745841
2026-03-30T07:47:37.663686+00:00,1420536931.1311312,-31.501772184926036
2026-03-30T07:47:37.663686+00:00,1420538933.1331332,-35.51814204284348
2026-03-30T07:47:37.663686+00:00,1420540935.1351352,-31.259022901377538
2026-03-30T07:47:37.663686+00:00,1420542937.1371372,-35.12209086214458
2026-03-30T07:47:37.663686+00:00,1420544939.1391392,-32.323221266913286
2026-03-30T07:47:37.663686+00:00,1420546941.1411412,-33.60481890376625
2026-03-30T07:47:37.663686+00:00,1420548943.1431432,-34.54815164624686
2026-03-30T07:47:37.663686+00:00,1420550945.1451452,-32.54997023540208
2026-03-30T07:47:37.663686+00:00,1420552947.1471472,-32.03787695204894
2026-03-30T07:47:37.663686+00:00,1420554949.1491492,-34.02812424551541
2026-03-30T07:47:37.663686+00:00,1420556951.1511512,-33.91230545243715
2026-03-30T07:47:37.663686+00:00,1420558953.1531532,-32.97950264859655
2026-03-30T07:47:37.663686+00:00,1420560955.1551552,-34.07098415735566
2026-03-30T07:47:37.663686+00:00,1420562957.1571572,-32.766889577044445
2026-03-30T07:47:37.663686+00:00,1420564959.1591592,-34.41354467597794
2026-03-30T07:47:37.663686+00:00,1420566961.1611612,-31.598718806456674
2026-03-30T07:47:37.663686+00:00,1420568963.1631632,-33.98742498041097
2026-03-30T07:47:37.663686+00:00,1420570965.1651652,-33.1965876315305
2026-03-30T07:47:37.663686+00:00,1420572967.1671672,-29.869174290790436
2026-03-30T07:47:37.663686+00:00,1420574969.1691692,-35.627479898158654
2026-03-30T07:47:37.663686+00:00,1420576971.1711712,-31.404903043562935
2026-03-30T07:47:37.663686+00:00,1420578973.1731732,-34.90556847420326
2026-03-30T07:47:37.663686+00:00,1420580975.1751752,-32.062616952163076
2026-03-30T07:47:37.663686+00:00,1420582977.1771772,-33.36055538496933
2026-03-30T07:47:37.663686+00:00,1420584979.1791792,-35.30815929616227
2026-03-30T07:47:37.663686+00:00,1420586981.1811812,-30.615560960395836
2026-03-30T07:47:37.663686+00:00,1420588983.1831832,-32.72691661071992
2026-03-30T07:47:37.663686+00:00,1420590985.1851852,-33.000513934848954
2026-03-30T07:47:37.663686+00:00,1420592987.1871872,-33.50480481053851
2026-03-30T07:47:37.663686+00:00,1420594989.1891892,-33.469968330217164
2026-03-30T07:47:37.663686+00:00,1420596991.1911912,-33.7026415730537
2026-03-30T07:47:37.663686+00:00,1420598993.1931932,-34.821716608197825
2026-03-30T07:47:37.663686+00:00,1420600995.1951952,-31.652314537288362
2026-03-30T07:47:37.663686+00:00,1420602997.1971972,-33.87835460910191
2026-03-30T07:47:37.663686+00:00,1420604999.1991992,-33.991606384162715
2026-03-30T07:47:37.663686+00:00,1420607001.2012012,-36.22975353042781
2026-03-30T07:47:37.663686+00:00,1420609003.2032032,-31.41942910680999
2026-03-30T07:47:37.663686+00:00,1420611005.2052052,-33.83524312327739
2026-03-30T07:47:37.663686+00:00,1420613007.2072072,-33.074900295844685
2026-03-30T07:47:37.663686+00:00,1420615009.2092092,-33.90200910228346
2026-03-30T07:47:37.663686+00:00,1420617011.2112112,-33.79524395846601
2026-03-30T07:47:37.663686+00:00,1420619013.2132132,-33.43940683492598
2026-03-30T07:47:37.663686+00:00,1420621015.2152152,-33.44692125064615
2026-03-30T07:47:37.663686+00:00,1420623017.2172172,-32.556214644999464
2026-03-30T07:47:37.663686+00:00,1420625019.2192192,-32.66556682001523
2026-03-30T07:47:37.663686+00:00,1420627021.2212212,-32.52918286896854
2026-03-30T07:47:37.663686+00:00,1420629023.2232232,-32.57454458477613
2026-03-30T07:47:37.663686+00:00,1420631025.2252252,-35.49933458883127
2026-03-30T07:47:37.663686+00:00,1420633027.2272272,-32.934670078046
2026-03-30T07:47:37.663686+00:00,1420635029.2292292,-32.030135514109276
2026-03-30T07:47:37.663686+00:00,1420637031.2312312,-34.19456535795209
2026-03-30T07:47:37.663686+00:00,1420639033.2332332,-32.101911631362206
2026-03-30T07:47:37.663686+00:00,1420641035.2352352,-34.52227451398708
2026-03-30T07:47:37.663686+00:00,1420643037.2372372,-34.36497673953321
2026-03-30T07:47:37.663686+00:00,1420645039.2392392,-33.98291724453616
2026-03-30T07:47:37.663686+00:00,1420647041.2412412,-33.8170559750293
2026-03-30T07:47:37.663686+00:00,1420649043.2432432,-32.39184793046843
2026-03-30T07:47:37.663686+00:00,1420651045.2452452,-33.860342977825056
2026-03-30T07:47:37.663686+00:00,1420653047.2472472,-31.43792751601148
2026-03-30T07:47:37.663686+00:00,1420655049.2492492,-33.27357033659795
2026-03-30T07:47:37.663686+00:00,1420657051.2512512,-31.87288127325903
2026-03-30T07:47:37.663686+00:00,1420659053.2532532,-36.64477964043892
2026-03-30T07:47:37.663686+00:00,1420661055.2552552,-32.06639996029277
2026-03-30T07:47:37.663686+00:00,1420663057.2572572,-33.77986045615451
2026-03-30T07:47:37.663686+00:00,1420665059.2592592,-34.04731792153748
2026-03-30T07:47:37.663686+00:00,1420667061.2612612,-32.32705093537819
2026-03-30T07:47:37.663686+00:00,1420669063.2632632,-34.62403097652308
2026-03-30T07:47:37.663686+00:00,1420671065.2652652,-33.16300273205322
2026-03-30T07:47:37.663686+00:00,1420673067.2672672,-32.76138346796922
2026-03-30T07:47:37.663686+00:00,1420675069.2692692,-32.33335365561265
2026-03-30T07:47:37.663686+00:00,1420677071.2712712,-32.07704225599358
2026-03-30T07:47:37.663686+00:00,1420679073.2732732,-31.803854168562243
2026-03-30T07:47:37.663686+00:00,1420681075.2752752,-32.57844966689101
2026-03-30T07:47:37.663686+00:00,1420683077.2772772,-35.63733867168144
2026-03-30T07:47:37.663686+00:00,1420685079.2792792,-33.710050675057836
2026-03-30T07:47:37.663686+00:00,1420687081.2812812,-33.283026794619936
2026-03-30T07:47:37.663686+00:00,1420689083.2832832,-32.7538910337801
2026-03-30T07:47:37.663686+00:00,1420691085.2852852,-32.712653476470884
2026-03-30T07:47:37.663686+00:00,1420693087.2872872,-31.965510754096226
2026-03-30T07:47:37.663686+00:00,1420695089.2892892,-34.76330454155807
2026-03-30T07:47:37.663686+00:00,1420697091.2912912,-33.807360974591425
2026-03-30T07:47:37.663686+00:00,1420699093.2932932,-32.82630636927093
2026-03-30T07:47:37.663686+00:00,1420701095.2952952,-32.125898300076656
2026-03-30T07:47:37.663686+00:00,1420703097.2972972,-33.923199901772556
2026-03-30T07:47:37.663686+00:00,1420705099.2992992,-31.830930617834298
2026-03-30T07:47:37.663686+00:00,1420707101.3013012,-32.71926585827547
2026-03-30T07:47:37.663686+00:00,1420709103.3033032,-32.0077019152252
2026-03-30T07:47:37.663686+00:00,1420711105.3053052,-33.83141751176344
2026-03-30T07:47:37.663686+00:00,1420713107.3073072,-33.68517928672777
2026-03-30T07:47:37.663686+00:00,1420715109.3093092,-32.4478318019865
2026-03-30T07:47:37.663686+00:00,1420717111.3113112,-34.467910054705605
2026-03-30T07:47:37.663686+00:00,1420719113.3133132,-34.233440263282574
2026-03-30T07:47:37.663686+00:00,1420721115.3153152,-32.38859301976876
2026-03-30T07:47:37.663686+00:00,1420723117.3173172,-35.55826907452483
2026-03-30T07:47:37.663686+00:00,1420725119.3193192,-34.48038498889707
2026-03-30T07:47:37.663686+00:00,1420727121.3213212,-33.477767897214875
2026-03-30T07:47:37.663686+00:00,1420729123.3233232,-32.20070634172344
2026-03-30T07:47:37.663686+00:00,1420731125.3253253,-31.056389797106096
2026-03-30T07:47:37.663686+00:00,1420733127.3273273,-34.128420569189906
2026-03-30T07:47:37.663686+00:00,1420735129.3293293,-34.30896940083175
2026-03-30T07:47:37.663686+00:00,1420737131.3313313,-31.6589547027697
2026-03-30T07:47:37.663686+00:00,1420739133.3333333,-37.63807278783951
2026-03-30T07:47:37.663686+00:00,1420741135.3353353,-31.794346249252794
2026-03-30T07:47:37.663686+00:00,1420743137.3373373,-32.32229466499622
2026-03-30T07:47:37.663686+00:00,1420745139.3393393,-32.14848181219276
2026-03-30T07:47:37.663686+00:00,1420747141.3413413,-31.783914968847437
2026-03-30T07:47:37.663686+00:00,1420749143.3433433,-33.36140690966591
2026-03-30T07:47:37.663686+00:00,1420751145.3453453,-33.16481322096368
2026-03-30T07:47:37.663686+00:00,1420753147.3473473,-31.534272665519016
2026-03-30T07:47:37.663686+00:00,1420755149.3493493,-34.49365983322265
2026-03-30T07:47:37.663686+00:00,1420757151.3513513,-32.522277684151696
2026-03-30T07:47:37.663686+00:00,1420759153.3533533,-33.767066203836656
2026-03-30T07:47:37.663686+00:00,1420761155.3553553,-32.15627199738611
2026-03-30T07:47:37.663686+00:00,1420763157.3573573,-32.88400500788545
2026-03-30T07:47:37.663686+00:00,1420765159.3593593,-33.929689283058615
2026-03-30T07:47:37.663686+00:00,1420767161.3613613,-33.96697176952513
2026-03-30T07:47:37.663686+00:00,1420769163.3633633,-32.91900473882506
2026-03-30T07:47:37.663686+00:00,1420771165.3653653,-32.75219481463788
2026-03-30T07:47:37.663686+00:00,1420773167.3673673,-32.39485672839438
2026-03-30T07:47:37.663686+00:00,1420775169.3693693,-34.777563295376986
2026-03-30T07:47:37.663686+00:00,1420777171.3713713,-34.271337061118736
2026-03-30T07:47:37.663686+00:00,1420779173.3733733,-31.416474889092708
2026-03-30T07:47:37.663686+00:00,1420781175.3753753,-33.01976703487779
2026-03-30T07:47:37.663686+00:00,1420783177.3773773,-34.47091856154184
2026-03-30T07:47:37.663686+00:00,1420785179.3793793,-33.641024659233345
2026-03-30T07:47:37.663686+00:00,1420787181.3813813,-31.529223111601507
2026-03-30T07:47:37.663686+00:00,1420789183.3833833,-35.4228604413852
2026-03-30T07:47:37.663686+00:00,1420791185.3853853,-35.692600514041025
2026-03-30T07:47:37.663686+00:00,1420793187.3873873,-32.40969259320938
2026-03-30T07:47:37.663686+00:00,1420795189.3893893,-33.01525444165395
2026-03-30T07:47:37.663686+00:00,1420797191.3913913,-32.103373031362615
2026-03-30T07:47:37.663686+00:00,1420799193.3933933,-33.42805033151585
2026-03-30T07:47:37.663686+00:00,1420801195.3953953,-32.39554692226195
2026-03-30T07:47:37.663686+00:00,1420803197.3973973,-34.51131073923176
2026-03-30T07:47:37.663686+00:00,1420805199.3993993,-32.31693541648442
2026-03-30T07:47:37.663686+00:00,1420807201.4014015,-34.444042582495825
2026-03-30T07:47:37.663686+00:00,1420809203.4034035,-31.44922446003366
2026-03-30T07:47:37.663686+00:00,1420811205.4054055,-33.097586306954106
2026-03-30T07:47:37.663686+00:00,1420813207.4074075,-34.24435104052038
2026-03-30T07:47:37.663686+00:00,1420815209.4094095,-32.955669799249556
2026-03-30T07:47:37.663686+00:00,1420817211.4114115,-32.11257720046816
2026-03-30T07:47:37.663686+00:00,1420819213.4134135,-31.74719991317656
2026-03-30T07:47:37.663686+00:00,1420821215.4154155,-33.80220878125302
2026-03-30T07:47:37.663686+00:00,1420823217.4174175,-33.125787391544385
2026-03-30T07:47:37.663686+00:00,1420825219.4194195,-34.024357351659624
2026-03-30T07:47:37.663686+00:00,1420827221.4214215,-32.75094196561442
2026-03-30T07:47:37.663686+00:00,1420829223.4234235,-33.36250250033482
2026-03-30T07:47:37.663686+00:00,1420831225.4254255,-30.532418804067802
2026-03-30T07:47:37.663686+00:00,1420833227.4274275,-34.000223839220816
2026-03-30T07:47:37.663686+00:00,1420835229.4294295,-34.94210748922521
2026-03-30T07:47:37.663686+00:00,1420837231.4314315,-30.79012628153151
2026-03-30T07:47:37.663686+00:00,1420839233.4334335,-32.92799647875376
2026-03-30T07:47:37.663686+00:00,1420841235.4354355,-34.26460438333086
2026-03-30T07:47:37.663686+00:00,1420843237.4374375,-34.041418976449556
2026-03-30T07:47:37.663686+00:00,1420845239.4394395,-33.05817610627251
2026-03-30T07:47:37.663686+00:00,1420847241.4414415,-32.67614090642399
2026-03-30T07:47:37.663686+00:00,1420849243.4434435,-33.534853829993715
2026-03-30T07:47:37.663686+00:00,1420851245.4454455,-32.924672299263136
2026-03-30T07:47:37.663686+00:00,1420853247.4474475,-30.524507023026246
2026-03-30T07:47:37.663686+00:00,1420855249.4494495,-32.33724186796394
2026-03-30T07:47:37.663686+00:00,1420857251.4514515,-33.83970176531066
2026-03-30T07:47:37.663686+00:00,1420859253.4534535,-33.75251856226373
2026-03-30T07:47:37.663686+00:00,1420861255.4554555,-33.9662506629248
2026-03-30T07:47:37.663686+00:00,1420863257.4574575,-32.71800896849307
2026-03-30T07:47:37.663686+00:00,1420865259.4594595,-31.99117083599776
2026-03-30T07:47:37.663686+00:00,1420867261.4614615,-32.45009632327341
2026-03-30T07:47:37.663686+00:00,1420869263.4634635,-32.019860799539664
2026-03-30T07:47:37.663686+00:00,1420871265.4654655,-35.396895024360546
2026-03-30T07:47:37.663686+00:00,1420873267.4674675,-33.73315897196266
2026-03-30T07:47:37.663686+00:00,1420875269.4694695,-32.952288512151846
2026-03-30T07:47:37.663686+00:00,1420877271.4714715,-30.460714794678292
2026-03-30T07:47:37.663686+00:00,1420879273.4734735,-31.639386702431324
2026-03-30T07:47:37.663686+00:00,1420881275.4754755,-32.39527553590777
2026-03-30T07:47:37.663686+00:00,1420883277.4774776,-34.55555383289229
2026-03-30T07:47:37.663686+00:00,1420885279.4794796,-31.63174910506496
2026-03-30T07:47:37.663686+00:00,1420887281.4814816,-34.12299095594886
2026-03-30T07:47:37.663686+00:00,1420889283.4834836,-33.28935021943362
2026-03-30T07:47:37.663686+00:00,1420891285.4854856,-33.0568235402197
2026-03-30T07:47:37.663686+00:00,1420893287.4874876,-31.76859087837991
2026-03-30T07:47:37.663686+00:00,1420895289.4894896,-32.86581611669911
2026-03-30T07:47:37.663686+00:00,1420897291.4914916,-32.00828544403031
2026-03-30T07:47:37.663686+00:00,1420899293.4934936,-33.36192486514757
2026-03-30T07:47:37.663686+00:00,1420901295.4954956,-33.549478603778276
2026-03-30T07:47:37.663686+00:00,1420903297.4974976,-32.10174269036771
2026-03-30T07:47:37.663686+00:00,1420905299.4994996,-32.59997927907069
2026-03-30T07:47:37.663686+00:00,1420907301.5015016,-32.35484304010488
2026-03-30T07:47:37.663686+00:00,1420909303.5035036,-33.2266130288016
2026-03-30T07:47:37.663686+00:00,1420911305.5055056,-33.48138903486186
2026-03-30T07:47:37.663686+00:00,1420913307.5075076,-34.010769812996436
2026-03-30T07:47:37.663686+00:00,1420915309.5095096,-33.283919002893036
2026-03-30T07:47:37.663686+00:00,1420917311.5115116,-34.49874018754751
2026-03-30T07:47:37.663686+00:00,1420919313.5135136,-34.36056555766753
2026-03-30T07:47:37.663686+00:00,1420921315.5155156,-32.31575995739927
2026-03-30T07:47:37.663686+00:00,1420923317.5175176,-34.12798210584128
2026-03-30T07:47:37.663686+00:00,1420925319.5195196,-32.79828552492654
2026-03-30T07:47:37.663686+00:00,1420927321.5215216,-34.31095610055023
2026-03-30T07:47:37.663686+00:00,1420929323.5235236,-32.9524195268401
2026-03-30T07:47:37.663686+00:00,1420931325.5255256,-32.18309923841746
2026-03-30T07:47:37.663686+00:00,1420933327.5275276,-33.453569359012306
2026-03-30T07:47:37.663686+00:00,1420935329.5295296,-33.57977025516013
2026-03-30T07:47:37.663686+00:00,1420937331.5315316,-32.03761146817312
2026-03-30T07:47:37.663686+00:00,1420939333.5335336,-32.31968394284017
2026-03-30T07:47:37.663686+00:00,1420941335.5355356,-35.15258643069654
2026-03-30T07:47:37.663686+00:00,1420943337.5375376,-33.857033517962925
2026-03-30T07:47:37.663686+00:00,1420945339.5395396,-33.416560162242
2026-03-30T07:47:37.663686+00:00,1420947341.5415416,-34.52482530554392
2026-03-30T07:47:37.663686+00:00,1420949343.5435436,-34.11515249278441
2026-03-30T07:47:37.663686+00:00,1420951345.5455456,-33.62060999084341
2026-03-30T07:47:37.663686+00:00,1420953347.5475476,-34.175960490336266
2026-03-30T07:47:37.663686+00:00,1420955349.5495496,-33.23129294253206
2026-03-30T07:47:37.663686+00:00,1420957351.5515516,-33.09073263106806
2026-03-30T07:47:37.663686+00:00,1420959353.5535536,-33.30540820424504
2026-03-30T07:47:37.663686+00:00,1420961355.5555556,-34.127827315864984
2026-03-30T07:47:37.663686+00:00,1420963357.5575576,-32.79650962789106
2026-03-30T07:47:37.663686+00:00,1420965359.5595596,-34.25835588832839
2026-03-30T07:47:37.663686+00:00,1420967361.5615616,-33.62932644341619
2026-03-30T07:47:37.663686+00:00,1420969363.5635636,-33.165790609003004
2026-03-30T07:47:37.663686+00:00,1420971365.5655656,-34.74963815059033
2026-03-30T07:47:37.663686+00:00,1420973367.5675676,-33.68028131513939
2026-03-30T07:47:37.663686+00:00,1420975369.5695696,-34.90764966511085
2026-03-30T07:47:37.663686+00:00,1420977371.5715716,-33.52368048178902
2026-03-30T07:47:37.663686+00:00,1420979373.5735736,-32.683318782435386
2026-03-30T07:47:37.663686+00:00,1420981375.5755756,-33.59870327224595
2026-03-30T07:47:37.663686+00:00,1420983377.5775776,-33.603001885959294
2026-03-30T07:47:37.663686+00:00,1420985379.5795796,-32.5513339215599
2026-03-30T07:47:37.663686+00:00,1420987381.5815816,-32.322230701570476
2026-03-30T07:47:37.663686+00:00,1420989383.5835836,-32.46673608249189
2026-03-30T07:47:37.663686+00:00,1420991385.5855856,-34.77075968763921
2026-03-30T07:47:37.663686+00:00,1420993387.5875876,-32.74536297388189
2026-03-30T07:47:37.663686+00:00,1420995389.5895896,-31.67826515224895
2026-03-30T07:47:37.663686+00:00,1420997391.5915916,-33.62017967947313
2026-03-30T07:47:37.663686+00:00,1420999393.5935936,-33.74806681135322
2026-03-30T07:47:37.663686+00:00,1421001395.5955956,-34.24788342698737
2026-03-30T07:47:37.663686+00:00,1421003397.5975976,-32.280202657503175
2026-03-30T07:47:37.663686+00:00,1421005399.5995996,-32.968774505264925
2026-03-30T07:47:37.663686+00:00,1421007401.6016016,-33.469646254347445
2026-03-30T07:47:37.663686+00:00,1421009403.6036036,-33.441890482124336
2026-03-30T07:47:37.663686+00:00,1421011405.6056056,-33.93330296044467
2026-03-30T07:47:37.663686+00:00,1421013407.6076076,-34.32064546167609
2026-03-30T07:47:37.663686+00:00,1421015409.6096096,-31.931197373643823
2026-03-30T07:47:37.663686+00:00,1421017411.6116116,-37.07137441099767
2026-03-30T07:47:37.663686+00:00,1421019413.6136136,-33.148193694177934
2026-03-30T07:47:37.663686+00:00,1421021415.6156156,-33.309660202436326
2026-03-30T07:47:37.663686+00:00,1421023417.6176176,-34.13768490110471
2026-03-30T07:47:37.663686+00:00,1421025419.6196196,-34.035802672194684
2026-03-30T07:47:37.663686+00:00,1421027421.6216216,-33.17306964975793
2026-03-30T07:47:37.663686+00:00,1421029423.6236236,-32.825275034357425
2026-03-30T07:47:37.663686+00:00,1421031425.6256256,-33.384347918948066
2026-03-30T07:47:37.663686+00:00,1421033427.6276276,-33.532587728987096
2026-03-30T07:47:37.663686+00:00,1421035429.6296296,-32.95379702107263
2026-03-30T07:47:37.663686+00:00,1421037431.6316316,-32.98265904948133
2026-03-30T07:47:37.663686+00:00,1421039433.6336336,-33.924570277654
2026-03-30T07:47:37.663686+00:00,1421041435.6356356,-35.635375382892946
2026-03-30T07:47:37.663686+00:00,1421043437.6376376,-33.96488872864269
2026-03-30T07:47:37.663686+00:00,1421045439.6396396,-32.658736875614686
2026-03-30T07:47:37.663686+00:00,1421047441.6416416,-32.841982206501356
2026-03-30T07:47:37.663686+00:00,1421049443.6436436,-34.17867489041755
2026-03-30T07:47:37.663686+00:00,1421051445.6456456,-34.39582153814364
2026-03-30T07:47:37.663686+00:00,1421053447.6476476,-34.13617047185937
2026-03-30T07:47:37.663686+00:00,1421055449.6496496,-34.48507145126952
2026-03-30T07:47:37.663686+00:00,1421057451.6516516,-35.73250051121847
2026-03-30T07:47:37.663686+00:00,1421059453.6536536,-34.17069464174728
2026-03-30T07:47:37.663686+00:00,1421061455.6556556,-34.41666225135701
2026-03-30T07:47:37.663686+00:00,1421063457.6576576,-34.089417380834924
2026-03-30T07:47:37.663686+00:00,1421065459.6596596,-35.23387245701625
2026-03-30T07:47:37.663686+00:00,1421067461.6616616,-32.353056206317255
2026-03-30T07:47:37.663686+00:00,1421069463.6636636,-35.221537492250285
2026-03-30T07:47:37.663686+00:00,1421071465.6656656,-31.60843016191963
2026-03-30T07:47:37.663686+00:00,1421073467.6676676,-34.5220328433205
2026-03-30T07:47:37.663686+00:00,1421075469.6696696,-33.50951892988657
2026-03-30T07:47:37.663686+00:00,1421077471.6716716,-32.89969773460242
2026-03-30T07:47:37.663686+00:00,1421079473.6736736,-35.571130849469256
2026-03-30T07:47:37.663686+00:00,1421081475.6756756,-32.106438187382054
2026-03-30T07:47:37.663686+00:00,1421083477.6776776,-33.700649849810524
2026-03-30T07:47:37.663686+00:00,1421085479.6796796,-32.65669055998485
2026-03-30T07:47:37.663686+00:00,1421087481.6816816,-33.07268336415415
2026-03-30T07:47:37.663686+00:00,1421089483.6836836,-33.38612748851661
2026-03-30T07:47:37.663686+00:00,1421091485.6856856,-33.334663985787984
2026-03-30T07:47:37.663686+00:00,1421093487.6876876,-35.36645096877196
2026-03-30T07:47:37.663686+00:00,1421095489.6896896,-33.144423035080884
2026-03-30T07:47:37.663686+00:00,1421097491.6916916,-34.79112971331561
2026-03-30T07:47:37.663686+00:00,1421099493.6936936,-33.54850251776531
2026-03-30T07:47:37.663686+00:00,1421101495.6956956,-31.60018396126377
2026-03-30T07:47:37.663686+00:00,1421103497.6976976,-33.776984883373025
2026-03-30T07:47:37.663686+00:00,1421105499.6996996,-33.78654402005552
2026-03-30T07:47:37.663686+00:00,1421107501.7017016,-32.73491114407254
2026-03-30T07:47:37.663686+00:00,1421109503.7037036,-35.479637122181465
2026-03-30T07:47:37.663686+00:00,1421111505.7057056,-32.34885062101789
2026-03-30T07:47:37.663686+00:00,1421113507.7077076,-34.20825296847413
2026-03-30T07:47:37.663686+00:00,1421115509.7097096,-35.661249082619804
2026-03-30T07:47:37.663686+00:00,1421117511.7117116,-33.44204577098588
2026-03-30T07:47:37.663686+00:00,1421119513.7137136,-31.726267808928053
2026-03-30T07:47:37.663686+00:00,1421121515.7157156,-34.624471570224024
2026-03-30T07:47:37.663686+00:00,1421123517.7177176,-32.8296424144252
2026-03-30T07:47:37.663686+00:00,1421125519.7197196,-32.86481324389272
2026-03-30T07:47:37.663686+00:00,1421127521.7217216,-33.32023232948792
2026-03-30T07:47:37.663686+00:00,1421129523.7237236,-36.17590613815259
2026-03-30T07:47:37.663686+00:00,1421131525.7257257,-34.716838610318796
2026-03-30T07:47:37.663686+00:00,1421133527.7277277,-32.53047810836021
2026-03-30T07:47:37.663686+00:00,1421135529.7297297,-37.21288630595124
2026-03-30T07:47:37.663686+00:00,1421137531.7317317,-32.27182539447779
2026-03-30T07:47:37.663686+00:00,1421139533.7337337,-33.07674332231487
2026-03-30T07:47:37.663686+00:00,1421141535.7357357,-33.42899090285532
2026-03-30T07:47:37.663686+00:00,1421143537.7377377,-34.44399105242189
2026-03-30T07:47:37.663686+00:00,1421145539.7397397,-35.11709374634662
2026-03-30T07:47:37.663686+00:00,1421147541.7417417,-33.78344101164049
2026-03-30T07:47:37.663686+00:00,1421149543.7437437,-32.15062473872644
2026-03-30T07:47:37.663686+00:00,1421151545.7457457,-33.35832322249036
2026-03-30T07:47:37.663686+00:00,1421153547.7477477,-32.581715878850126
2026-03-30T07:47:37.663686+00:00,1421155549.7497497,-32.502801276346936
2026-03-30T07:47:37.663686+00:00,1421157551.7517517,-32.847916477458114
2026-03-30T07:47:37.663686+00:00,1421159553.7537537,-32.95469473491945
2026-03-30T07:47:37.663686+00:00,1421161555.7557557,-32.162866985774755
2026-03-30T07:47:37.663686+00:00,1421163557.7577577,-34.26303648541501
2026-03-30T07:47:37.663686+00:00,1421165559.7597597,-33.028132587647775
2026-03-30T07:47:37.663686+00:00,1421167561.7617617,-32.41681793438317
2026-03-30T07:47:37.663686+00:00,1421169563.7637637,-32.66846253150618
2026-03-30T07:47:37.663686+00:00,1421171565.7657657,-30.987701683291547
2026-03-30T07:47:37.663686+00:00,1421173567.7677677,-33.23376142381444
2026-03-30T07:47:37.663686+00:00,1421175569.7697697,-30.940136027518097
2026-03-30T07:47:37.663686+00:00,1421177571.7717717,-32.14757621701634
2026-03-30T07:47:37.663686+00:00,1421179573.7737737,-32.68402870776959
2026-03-30T07:47:37.663686+00:00,1421181575.7757757,-33.6365216429654
2026-03-30T07:47:37.663686+00:00,1421183577.7777777,-31.984448022922503
2026-03-30T07:47:37.663686+00:00,1421185579.7797797,-32.146300222847806
2026-03-30T07:47:37.663686+00:00,1421187581.7817817,-32.57218655135434
2026-03-30T07:47:37.663686+00:00,1421189583.7837837,-33.64057414925478
2026-03-30T07:47:37.663686+00:00,1421191585.7857857,-31.677343431530144
2026-03-30T07:47:37.663686+00:00,1421193587.7877877,-32.77337179754431
2026-03-30T07:47:37.663686+00:00,1421195589.7897897,-32.229271556982546
2026-03-30T07:47:37.663686+00:00,1421197591.7917917,-31.424990389308366
2026-03-30T07:47:37.663686+00:00,1421199593.7937937,-31.57694595952556
2026-03-30T07:47:37.663686+00:00,1421201595.7957957,-31.838696284167412
2026-03-30T07:47:37.663686+00:00,1421203597.7977977,-33.19493749150751
2026-03-30T07:47:37.663686+00:00,1421205599.7997997,-31.647424798227515
2026-03-30T07:47:37.663686+00:00,1421207601.801802,-32.42743701455054
2026-03-30T07:47:37.663686+00:00,1421209603.803804,-32.98557247537137
2026-03-30T07:47:37.663686+00:00,1421211605.805806,-35.35205223509835
2026-03-30T07:47:37.663686+00:00,1421213607.807808,-33.59650800477106
2026-03-30T07:47:37.663686+00:00,1421215609.80981,-32.68260469149683
2026-03-30T07:47:37.663686+00:00,1421217611.811812,-33.42795704995833
2026-03-30T07:47:37.663686+00:00,1421219613.813814,-32.38897376592609
2026-03-30T07:47:37.663686+00:00,1421221615.815816,-33.833996060566605
2026-03-30T07:47:37.663686+00:00,1421223617.817818,-33.4128040808994
2026-03-30T07:47:37.663686+00:00,1421225619.81982,-34.343341260678564
2026-03-30T07:47:37.663686+00:00,1421227621.821822,-34.459343196616295
2026-03-30T07:47:37.663686+00:00,1421229623.823824,-34.041564222714015
2026-03-30T07:47:37.663686+00:00,1421231625.825826,-35.70525034394883
2026-03-30T07:47:37.663686+00:00,1421233627.827828,-34.55188722059477
2026-03-30T07:47:37.663686+00:00,1421235629.82983,-35.983733488484
2026-03-30T07:47:37.663686+00:00,1421237631.831832,-35.919447456521745
2026-03-30T07:47:37.663686+00:00,1421239633.833834,-34.43581083190871
2026-03-30T07:47:37.663686+00:00,1421241635.835836,-33.98068664429772
2026-03-30T07:47:37.663686+00:00,1421243637.837838,-33.53659388950748
2026-03-30T07:47:37.663686+00:00,1421245639.83984,-35.292005517823334
2026-03-30T07:47:37.663686+00:00,1421247641.841842,-34.691227606811275
2026-03-30T07:47:37.663686+00:00,1421249643.843844,-35.40210141747679
2026-03-30T07:47:37.663686+00:00,1421251645.845846,-35.40637283571811
2026-03-30T07:47:37.663686+00:00,1421253647.847848,-35.66185241005616
2026-03-30T07:47:37.663686+00:00,1421255649.84985,-37.63329313647931
2026-03-30T07:47:37.663686+00:00,1421257651.851852,-36.889933948312176
2026-03-30T07:47:37.663686+00:00,1421259653.853854,-35.5456203827404
2026-03-30T07:47:37.663686+00:00,1421261655.855856,-36.43854453831205
2026-03-30T07:47:37.663686+00:00,1421263657.857858,-37.950264803830365
2026-03-30T07:47:37.663686+00:00,1421265659.85986,-36.97342485321661
2026-03-30T07:47:37.663686+00:00,1421267661.861862,-39.258500545045834
2026-03-30T07:47:37.663686+00:00,1421269663.863864,-37.49047756803207
2026-03-30T07:47:37.663686+00:00,1421271665.865866,-36.1439085261409
2026-03-30T07:47:37.663686+00:00,1421273667.867868,-36.71437844531152
2026-03-30T07:47:37.663686+00:00,1421275669.86987,-39.33606331594953
2026-03-30T07:47:37.663686+00:00,1421277671.871872,-39.63843331163963
2026-03-30T07:47:37.663686+00:00,1421279673.873874,-38.01459302261092
2026-03-30T07:47:37.663686+00:00,1421281675.875876,-37.74071477754713
2026-03-30T07:47:37.663686+00:00,1421283677.877878,-38.738148896077995
2026-03-30T07:47:37.663686+00:00,1421285679.87988,-39.19658943059639
2026-03-30T07:47:37.663686+00:00,1421287681.881882,-38.54875315127477
2026-03-30T07:47:37.663686+00:00,1421289683.883884,-39.153322325126574
2026-03-30T07:47:37.663686+00:00,1421291685.885886,-38.72908536037408
2026-03-30T07:47:37.663686+00:00,1421293687.887888,-40.464272775538866
2026-03-30T07:47:37.663686+00:00,1421295689.88989,-41.879151690169884
2026-03-30T07:47:37.663686+00:00,1421297691.891892,-41.70024386005087
2026-03-30T07:47:37.663686+00:00,1421299693.893894,-40.692831191089745
2026-03-30T07:47:37.663686+00:00,1421301695.895896,-41.078267660228505
2026-03-30T07:47:37.663686+00:00,1421303697.897898,-44.83926110278336
2026-03-30T07:47:37.663686+00:00,1421305699.8999,-38.72437218611402
2026-03-30T07:47:37.663686+00:00,1421307701.901902,-40.50121500450122
2026-03-30T07:47:37.663686+00:00,1421309703.903904,-41.897412545467425
2026-03-30T07:47:37.663686+00:00,1421311705.905906,-41.02851451165916
2026-03-30T07:47:37.663686+00:00,1421313707.907908,-43.03236228029684
2026-03-30T07:47:37.663686+00:00,1421315709.90991,-42.920250836601305
2026-03-30T07:47:37.663686+00:00,1421317711.911912,-42.63996778889392
2026-03-30T07:47:37.663686+00:00,1421319713.913914,-43.67811360853755
2026-03-30T07:47:37.663686+00:00,1421321715.915916,-44.70261113841133
2026-03-30T07:47:37.663686+00:00,1421323717.917918,-42.601760106228774
2026-03-30T07:47:37.663686+00:00,1421325719.91992,-43.96960476100124
2026-03-30T07:47:37.663686+00:00,1421327721.921922,-45.24771789639582
2026-03-30T07:47:37.663686+00:00,1421329723.923924,-45.670354179097615
2026-03-30T07:47:37.663686+00:00,1421331725.925926,-43.78513591499908
2026-03-30T07:47:37.663686+00:00,1421333727.927928,-44.91414645437187
2026-03-30T07:47:37.663686+00:00,1421335729.92993,-44.47097460631991
2026-03-30T07:47:37.663686+00:00,1421337731.931932,-46.89479333170661
2026-03-30T07:47:37.663686+00:00,1421339733.933934,-45.16282939232271
2026-03-30T07:47:37.663686+00:00,1421341735.935936,-46.380792940854
2026-03-30T07:47:37.663686+00:00,1421343737.937938,-47.85130199533319
2026-03-30T07:47:37.663686+00:00,1421345739.93994,-46.38125887314846
2026-03-30T07:47:37.663686+00:00,1421347741.941942,-47.39116731519065
2026-03-30T07:47:37.663686+00:00,1421349743.943944,-47.75408626404725
2026-03-30T07:47:37.663686+00:00,1421351745.945946,-45.09868109853602
2026-03-30T07:47:37.663686+00:00,1421353747.947948,-46.91377554115942
2026-03-30T07:47:37.663686+00:00,1421355749.94995,-45.92555429990343
2026-03-30T07:47:37.663686+00:00,1421357751.951952,-47.62985606106751
2026-03-30T07:47:37.663686+00:00,1421359753.953954,-49.29207642388406
2026-03-30T07:47:37.663686+00:00,1421361755.955956,-46.373105343259475
2026-03-30T07:47:37.663686+00:00,1421363757.957958,-47.2127809314189
2026-03-30T07:47:37.663686+00:00,1421365759.95996,-49.568487678167635
2026-03-30T07:47:37.663686+00:00,1421367761.961962,-47.70331201926407
2026-03-30T07:47:37.663686+00:00,1421369763.963964,-48.81181803662769
2026-03-30T07:47:37.663686+00:00,1421371765.965966,-48.88124132223923
2026-03-30T07:47:37.663686+00:00,1421373767.967968,-48.07800533377691
2026-03-30T07:47:37.663686+00:00,1421375769.96997,-48.738087690166
2026-03-30T07:47:37.663686+00:00,1421377771.971972,-48.35695632499613
2026-03-30T07:47:37.663686+00:00,1421379773.973974,-50.40961679786755
2026-03-30T07:47:37.663686+00:00,1421381775.975976,-50.425538417605914
2026-03-30T07:47:37.663686+00:00,1421383777.977978,-50.59720411131193
2026-03-30T07:47:37.663686+00:00,1421385779.97998,-50.742822338107864
2026-03-30T07:47:37.663686+00:00,1421387781.981982,-50.35969298398314
2026-03-30T07:47:37.663686+00:00,1421389783.983984,-52.95757974563167
2026-03-30T07:47:37.663686+00:00,1421391785.985986,-52.05843574306308
2026-03-30T07:47:37.663686+00:00,1421393787.987988,-51.23511449004042
2026-03-30T07:47:37.663686+00:00,1421395789.98999,-52.36289390832474
2026-03-30T07:47:37.663686+00:00,1421397791.991992,-51.876248432828255
2026-03-30T07:47:37.663686+00:00,1421399793.993994,-55.00443745563609
2026-03-30T07:47:37.663686+00:00,1421401795.995996,-56.66251678575258
2026-03-30T07:47:37.663686+00:00,1421403797.997998,-56.7983948893731
2026-03-30T07:47:37.663686+00:00,1421405800.0,-54.55678786738593
