frequency_hz,power_db_smoothed
1419500819,-69.63789999999999
1419502284,-69.63360000000002
1419503749,-69.6281
1419505214,-69.63140000000001
1419506678,-69.63090000000001
1419508143,-69.61185
1419509608,-69.602
1419511073,-69.58960000000002
1419512538,-69.58725
1419514003,-69.579
1419515467,-69.55534999999998
1419516932,-69.57445000000001
1419518397,-69.57475
1419519862,-69.573
1419521327,-69.55340000000001
1419522792,-69.53779999999999
1419524257,-69.54214999999999
1419525721,-69.53569999999999
1419527186,-69.52560000000001
1419528651,-69.51165
1419530116,-69.50534999999999
1419531581,-69.49544999999998
1419533046,-69.49699999999999
1419534510,-69.49210000000001
1419535975,-69.48545
1419537440,-69.48349999999998
1419538905,-69.50115
1419540370,-69.48090000000002
1419541835,-69.46705
1419543300,-69.45364999999998
1419544764,-69.44994999999999
1419546229,-69.4498
1419547694,-69.45190000000001
1419549159,-69.43175000000001
1419550624,-69.42545
1419552089,-69.44015
1419553553,-69.44030000000001
1419555018,-69.42055
1419556483,-69.40244999999999
1419557948,-69.40289999999999
1419559413,-69.39065000000001
1419560878,-69.37885
1419562342,-69.38059999999999
1419563807,-69.36959999999998
1419565272,-69.36269999999999
1419566737,-69.36679999999998
1419568202,-69.36625000000001
1419569667,-69.35045
1419571132,-69.34890000000001
1419572596,-69.3559
1419574061,-69.34200000000001
1419575526,-69.3572
1419576991,-69.35565
1419578456,-69.3331
1419579921,-69.32200000000002
1419581385,-69.32335
1419582850,-69.31640000000002
1419584315,-69.31379999999999
1419585780,-69.29910000000001
1419587245,-69.30575
1419588710,-69.2928
1419590175,-69.2838
1419591639,-69.27935
1419593104,-69.2789
1419594569,-69.278
1419596034,-69.2713
1419597499,-69.26570000000001
1419598964,-69.2582
1419600428,-69.24805
1419601893,-69.25230000000002
1419603358,-69.2512
1419604823,-69.25115000000002
1419606288,-69.23355000000001
1419607753,-69.2279
1419609217,-69.2259
1419610682,-69.21265000000001
1419612147,-69.2119
1419613612,-69.22375000000001
1419615077,-69.2114
1419616542,-69.2
1419618007,-69.19434999999999
1419619471,-69.1935
1419620936,-69.18635
1419622401,-69.19335000000001
1419623866,-69.17889999999998
1419625331,-69.18885
1419626796,-69.18375
1419628260,-69.17165
1419629725,-69.16845000000002
1419631190,-69.16510000000001
1419632655,-69.1702
1419634120,-69.1471
1419635585,-69.15155
1419637050,-69.15470000000002
1419638514,-69.14840000000001
1419639979,-69.14280000000001
1419641444,-69.13610000000001
1419642909,-69.1543
1419644374,-69.14775
1419645839,-69.1396
1419647303,-69.13645000000001
1419648768,-69.1276
1419650233,-69.13090000000001
1419651698,-69.1167
1419653163,-69.10324999999999
1419654628,-69.09540000000001
1419656092,-69.10185000000001
1419657557,-69.1092
1419659022,-69.11049999999999
1419660487,-69.08945000000001
1419661952,-69.07680000000002
1419663417,-69.08045
1419664882,-69.0906
1419666346,-69.08964999999999
1419667811,-69.07070000000002
1419669276,-69.04820000000002
1419670741,-69.05024999999998
1419672206,-69.04950000000001
1419673671,-69.04339999999999
1419675135,-69.05365
1419676600,-69.04725
1419678065,-69.0218
1419679530,-69.0274
1419680995,-69.0544
1419682460,-69.04624999999999
1419683925,-69.03644999999999
1419685389,-69.00854999999999
1419686854,-69.02085
1419688319,-69.0222
1419689784,-69.01455
1419691249,-69.00835000000001
1419692714,-68.9781
1419694178,-68.9449
1419695643,-68.971
1419697108,-68.99170000000001
1419698573,-68.98345
1419700038,-68.96985000000001
1419701503,-68.91875
1419702967,-68.9421
1419704432,-68.9598
1419705897,-68.95745000000002
1419707362,-68.95559999999999
1419708827,-68.9444
1419710292,-68.92500000000001
1419711757,-68.95949999999999
1419713221,-68.9539
1419714686,-68.98125000000002
1419716151,-68.97115
1419717616,-68.93885000000002
1419719081,-68.94149999999999
1419720546,-68.9522
1419722010,-68.96229999999998
1419723475,-68.95214999999999
1419724940,-68.93595000000002
1419726405,-68.93209999999999
1419727870,-68.92750000000001
1419729335,-68.92004999999999
1419730800,-68.93635
1419732264,-68.93745
1419733729,-68.9316
1419735194,-68.92394999999999
1419736659,-68.92495
1419738124,-68.92965
1419739589,-68.9091
1419741053,-68.91475
1419742518,-68.91605000000001
1419743983,-68.91520000000001
1419745448,-68.90105
1419746913,-68.89325000000001
1419748378,-68.89025
1419749842,-68.8865
1419751307,-68.88845
1419752772,-68.8943
1419754237,-68.88415
1419755702,-68.88335
1419757167,-68.88355
1419758632,-68.8771
1419760096,-68.86490000000002
1419761561,-68.86619999999999
1419763026,-68.86815
1419764491,-68.86040000000003
1419765956,-68.86265
1419767421,-68.85775
1419768885,-68.85435000000001
1419770350,-68.85575
1419771815,-68.85244999999999
1419773280,-68.8533
1419774745,-68.85355
1419776210,-68.858
1419777675,-68.84700000000001
1419779139,-68.8416
1419780604,-68.83455000000001
1419782069,-68.83144999999999
1419783534,-68.82900000000002
1419784999,-68.83200000000002
1419786464,-68.83155
1419787928,-68.8255
1419789393,-68.82270000000001
1419790858,-68.8231
1419792323,-68.821
1419793788,-68.81994999999999
1419795253,-68.82109999999999
1419796717,-68.8022
1419798182,-68.80430000000001
1419799647,-68.82629999999999
1419801112,-68.81294999999997
1419802577,-68.79759999999999
1419804042,-68.80385
1419805507,-68.81825
1419806971,-68.81155000000001
1419808436,-68.79425
1419809901,-68.795
1419811366,-68.80445
1419812831,-68.79775
1419814296,-68.78455
1419815760,-68.78900000000002
1419817225,-68.7915
1419818690,-68.78045
1419820155,-68.77285
1419821620,-68.77510000000001
1419823085,-68.78025
1419824550,-68.77914999999999
1419826014,-68.77219999999998
1419827479,-68.7773
1419828944,-68.7803
1419830409,-68.77379999999998
1419831874,-68.78974999999998
1419833339,-68.78075
1419834803,-68.76845
1419836268,-68.77104999999999
1419837733,-68.7569
1419839198,-68.75895
1419840663,-68.77185
1419842128,-68.76735
1419843592,-68.75744999999999
1419845057,-68.76650000000001
1419846522,-68.76649999999998
1419847987,-68.77130000000001
1419849452,-68.7822
1419850917,-68.75925000000001
1419852382,-68.76415
1419853846,-68.75550000000001
1419855311,-68.7506
1419856776,-68.76135
1419858241,-68.76384999999999
1419859706,-68.7572
1419861171,-68.7513
1419862635,-68.75005000000002
1419864100,-68.74425
1419865565,-68.76125000000002
1419867030,-68.74765
1419868495,-68.74405
1419869960,-68.75744999999999
1419871425,-68.75585
1419872889,-68.74284999999999
1419874354,-68.73844999999997
1419875819,-68.76034999999999
1419877284,-68.75085
1419878749,-68.75495000000001
1419880214,-68.74665
1419881678,-68.74765
1419883143,-68.75735000000002
1419884608,-68.7576
1419886073,-68.74355
1419887538,-68.73815
1419889003,-68.74885
1419890467,-68.74895000000001
1419891932,-68.77234999999999
1419893397,-68.75205
1419894862,-68.75264999999999
1419896327,-68.73524999999998
1419897792,-68.76035000000002
1419899257,-68.75435
1419900721,-68.76610000000001
1419902186,-68.75315
1419903651,-68.74510000000001
1419905116,-68.7653
1419906581,-68.75465
1419908046,-68.75135
1419909510,-68.7481
1419910975,-68.7447
1419912440,-68.737
1419913905,-68.75649999999999
1419915370,-68.75795000000001
1419916835,-68.77895000000002
1419918300,-68.75984999999999
1419919764,-68.74955000000001
1419921229,-68.75250000000001
1419922694,-68.75695000000002
1419924159,-68.75895
1419925624,-68.76065000000001
1419927089,-68.7647
1419928553,-68.75280000000001
1419930018,-68.76165
1419931483,-68.768
1419932948,-68.75529999999999
1419934413,-68.76365
1419935878,-68.77015000000002
1419937342,-68.7706
1419938807,-68.76735000000001
1419940272,-68.7878
1419941737,-68.74965
1419943202,-68.75269999999998
1419944667,-68.76650000000001
1419946132,-68.77165
1419947596,-68.76160000000002
1419949061,-68.7542
1419950526,-68.76455000000001
1419951991,-68.763
1419953456,-68.76879999999998
1419954921,-68.75410000000002
1419956385,-68.75485
1419957850,-68.74765000000001
1419959315,-68.75485
1419960780,-68.76375
1419962245,-68.76685
1419963710,-68.7684
1419965175,-68.7679
1419966639,-68.76175
1419968104,-68.76875
1419969569,-68.77520000000001
1419971034,-68.77100000000002
1419972499,-68.77305000000001
1419973964,-68.78545000000001
1419975428,-68.78795
1419976893,-68.76630000000002
1419978358,-68.78465000000003
1419979823,-68.7761
1419981288,-68.77395000000001
1419982753,-68.78480000000002
1419984217,-68.78935
1419985682,-68.79650000000001
1419987147,-68.77605000000001
1419988612,-68.78145
1419990077,-68.77795
1419991542,-68.78354999999999
1419993007,-68.77855000000001
1419994471,-68.77785
1419995936,-68.78400000000002
1419997401,-68.77329999999999
1419998866,-68.78145
1420000331,-68.7796
1420001796,-68.7679
1420003260,-68.7636
1420004725,-68.78734999999999
1420006190,-68.7972
1420007655,-68.7714
1420009120,-68.7752
1420010585,-68.78515000000002
1420012050,-68.8001
1420013514,-68.7782
1420014979,-68.7885
1420016444,-68.79799999999999
1420017909,-68.80815
1420019374,-68.79605000000001
1420020839,-68.78105000000002
1420022303,-68.78600000000002
1420023768,-68.7748
1420025233,-68.77825000000001
1420026698,-68.77114999999999
1420028163,-68.77785
1420029628,-68.76399999999998
1420031092,-68.76660000000001
1420032557,-68.78325
1420034022,-68.78729999999999
1420035487,-68.79875000000001
1420036952,-68.7838
1420038417,-68.78135
1420039882,-68.78285000000002
1420041346,-68.77449999999997
1420042811,-68.78995
1420044276,-68.81315
1420045741,-68.8022
1420047206,-68.79170000000002
1420048671,-68.78625000000001
1420050135,-68.7844
1420051600,-68.78815
1420053065,-68.78755000000001
1420054530,-68.79645000000001
1420055995,-68.79830000000001
1420057460,-68.77014999999999
1420058925,-68.77045
1420060389,-68.80035000000001
1420061854,-68.78875
1420063319,-68.77985
1420064784,-68.7779
1420066249,-68.79355
1420067714,-68.7876
1420069178,-68.7834
1420070643,-68.80760000000001
1420072108,-68.80280000000002
1420073573,-68.78725
1420075038,-68.77515
1420076503,-68.783
1420077967,-68.7802
1420079432,-68.78605
1420080897,-68.78045
1420082362,-68.78664999999998
1420083827,-68.79164999999999
1420085292,-68.78744999999999
1420086757,-68.76685
1420088221,-68.7619
1420089686,-68.76379999999999
1420091151,-68.77165
1420092616,-68.7578
1420094081,-68.7533
1420095546,-68.7674
1420097010,-68.7785
1420098475,-68.76784999999998
1420099940,-68.7673
1420101405,-68.77040000000002
1420102870,-68.77250000000001
1420104335,-68.75975
1420105800,-68.77505
1420107264,-68.772
1420108729,-68.7788
1420110194,-68.78804999999998
1420111659,-68.78105000000002
1420113124,-68.76745
1420114589,-68.76975000000002
1420116053,-68.7628
1420117518,-68.75295000000001
1420118983,-68.75280000000001
1420120448,-68.75585000000002
1420121913,-68.75019999999999
1420123378,-68.76165
1420124842,-68.77374999999999
1420126307,-68.77815
1420127772,-68.76230000000001
1420129237,-68.74980000000002
1420130702,-68.75339999999997
1420132167,-68.75160000000001
1420133632,-68.75985
1420135096,-68.76424999999999
1420136561,-68.76205000000002
1420138026,-68.75214999999999
1420139491,-68.75385000000001
1420140956,-68.76755
1420142421,-68.7592
1420143885,-68.7443
1420145350,-68.75425000000001
1420146815,-68.7501
1420148280,-68.74010000000001
1420149745,-68.7471
1420151210,-68.75829999999999
1420152675,-68.7414
1420154139,-68.72895000000003
1420155604,-68.73150000000001
1420157069,-68.72785000000002
1420158534,-68.74075
1420159999,-68.73490000000001
1420161464,-68.73260000000002
1420162928,-68.73574999999998
1420164393,-68.73925
1420165858,-68.7141
1420167323,-68.71715000000002
1420168788,-68.72834999999999
1420170253,-68.7363
1420171717,-68.70439999999999
1420173182,-68.68384999999999
1420174647,-68.70174999999999
1420176112,-68.72375
1420177577,-68.7241
1420179042,-68.72279999999999
1420180507,-68.69645000000001
1420181971,-68.67445000000001
1420183436,-68.72094999999999
1420184901,-68.72135
1420186366,-68.7191
1420187831,-68.7071
1420189296,-68.69030000000001
1420190760,-68.71039999999999
1420192225,-68.7202
1420193690,-68.72155
1420195155,-68.72085
1420196620,-68.7225
1420198085,-68.71285
1420199550,-68.71855
1420201014,-68.72595000000001
1420202479,-68.71975
1420203944,-68.71140000000001
1420205409,-68.7022
1420206874,-68.70505000000001
1420208339,-68.7093
1420209803,-68.73910000000001
1420211268,-68.73095
1420212733,-68.71329999999999
1420214198,-68.71490000000001
1420215663,-68.7203
1420217128,-68.7198
1420218592,-68.7217
1420220057,-68.71619999999999
1420221522,-68.71089999999998
1420222987,-68.71695
1420224452,-68.71959999999999
1420225917,-68.70989999999999
1420227382,-68.71730000000001
1420228846,-68.72065
1420230311,-68.70965000000001
1420231776,-68.7274
1420233241,-68.73165
1420234706,-68.70635000000001
1420236171,-68.71835
1420237635,-68.7243
1420239100,-68.70985
1420240565,-68.71025
1420242030,-68.7322
1420243495,-68.72184999999999
1420244960,-68.7081
1420246425,-68.71610000000001
1420247889,-68.72375
1420249354,-68.72445
1420250819,-68.72319999999999
1420252284,-68.728
1420253749,-68.70754999999998
1420255214,-68.7094
1420256678,-68.72
1420258143,-68.71755
1420259608,-68.72089999999999
1420261073,-68.7289
1420262538,-68.72825
1420264003,-68.71700000000001
1420265467,-68.73029999999999
1420266932,-68.72784999999999
1420268397,-68.7287
1420269862,-68.72740000000002
1420271327,-68.74345
1420272792,-68.7482
1420274257,-68.73094999999999
1420275721,-68.7266
1420277186,-68.73975
1420278651,-68.73975000000002
1420280116,-68.73214999999999
1420281581,-68.72909999999999
1420283046,-68.74735
1420284510,-68.7499
1420285975,-68.74019999999999
1420287440,-68.74715
1420288905,-68.75795000000002
1420290370,-68.75345
1420291835,-68.75439999999999
1420293300,-68.73714999999999
1420294764,-68.74909999999998
1420296229,-68.76585
1420297694,-68.7585
1420299159,-68.75505000000001
1420300624,-68.7579
1420302089,-68.7375
1420303553,-68.73915000000001
1420305018,-68.7542
1420306483,-68.7738
1420307948,-68.76780000000001
1420309413,-68.76365000000001
1420310878,-68.75735
1420312342,-68.7685
1420313807,-68.76694999999998
1420315272,-68.77310000000001
1420316737,-68.7769
1420318202,-68.76884999999999
1420319667,-68.7733
1420321132,-68.77200000000002
1420322596,-68.77105000000002
1420324061,-68.7702
1420325526,-68.76470000000002
1420326991,-68.7942
1420328456,-68.79885
1420329921,-68.78110000000001
1420331385,-68.78179999999999
1420332850,-68.79199999999999
1420334315,-68.79705
1420335780,-68.78710000000001
1420337245,-68.78355
1420338710,-68.78099999999999
1420340175,-68.77844999999999
1420341639,-68.79889999999999
1420343104,-68.8022
1420344569,-68.81914999999998
1420346034,-68.80999999999999
1420347499,-68.8013
1420348964,-68.80745
1420350428,-68.80145
1420351893,-68.8068
1420353358,-68.8179
1420354823,-68.8157
1420356288,-68.82095000000001
1420357753,-68.7985
1420359217,-68.79875
1420360682,-68.81765000000001
1420362147,-68.81969999999998
1420363612,-68.81089999999999
1420365077,-68.82180000000001
1420366542,-68.82555
1420368007,-68.83570000000002
1420369471,-68.82335
1420370936,-68.81970000000001
1420372401,-68.8204
1420373866,-68.81674999999998
1420375331,-68.82119999999999
1420376796,-68.8213
1420378260,-68.81405000000001
1420379725,-68.82509999999999
1420381190,-68.82475000000001
1420382655,-68.83609999999999
1420384120,-68.83135000000001
1420385585,-68.82785
1420387050,-68.81800000000001
1420388514,-68.82519999999998
1420389979,-68.82045000000001
1420391444,-68.82725
1420392909,-68.83850000000004
1420394374,-68.83275
1420395839,-68.83815
1420397303,-68.83340000000001
1420398768,-68.827
1420400233,-68.82980000000003
1420401698,-68.85454999999999
1420403163,-68.85390000000001
1420404628,-68.85625000000002
1420406092,-68.8695
1420407557,-68.85235000000003
1420409022,-68.84285000000001
1420410487,-68.8454
1420411952,-68.85789999999999
1420413417,-68.85870000000003
1420414882,-68.845
1420416346,-68.85524999999998
1420417811,-68.85074999999999
1420419276,-68.84894999999999
1420420741,-68.84850000000002
1420422206,-68.85830000000001
1420423671,-68.8608
1420425135,-68.8584
1420426600,-68.8597
1420428065,-68.87835
1420429530,-68.87825000000001
1420430995,-68.8675
1420432460,-68.87469999999999
1420433925,-68.87634999999999
1420435389,-68.86885
1420436854,-68.87685000000002
1420438319,-68.86505000000002
1420439784,-68.8678
1420441249,-68.8656
1420442714,-68.87819999999999
1420444178,-68.86520000000002
1420445643,-68.87125
1420447108,-68.87400000000001
1420448573,-68.8791
1420450038,-68.86145
1420451503,-68.86189999999999
1420452967,-68.85655
1420454432,-68.86605
1420455897,-68.87685000000002
1420457362,-68.88210000000001
1420458827,-68.87920000000001
1420460292,-68.87979999999999
1420461757,-68.86275000000002
1420463221,-68.87645
1420464686,-68.87995000000002
1420466151,-68.86685000000001
1420467616,-68.87685
1420469081,-68.8746
1420470546,-68.87005
1420472010,-68.87670000000001
1420473475,-68.88944999999998
1420474940,-68.89354999999999
1420476405,-68.8844
1420477870,-68.8707
1420479335,-68.8817
1420480800,-68.88829999999999
1420482264,-68.88659999999997
1420483729,-68.89245
1420485194,-68.88385
1420486659,-68.88460000000002
1420488124,-68.87664999999998
1420489589,-68.88409999999999
1420491053,-68.88195
1420492518,-68.87614999999998
1420493983,-68.88335000000002
1420495448,-68.88910000000001
1420496913,-68.88745
1420498378,-68.86780000000002
1420499842,-68.87244999999999
1420501307,-68.89155
1420502772,-68.90329999999999
1420504237,-68.8861
1420505702,-68.87345
1420507167,-68.88004999999998
1420508632,-68.88239999999999
1420510096,-68.8891
1420511561,-68.88119999999999
1420513026,-68.88514999999998
1420514491,-68.8976
1420515956,-68.88940000000001
1420517421,-68.89855
1420518885,-68.8955
1420520350,-68.90599999999999
1420521815,-68.91390000000001
1420523280,-68.91045
1420524745,-68.91325
1420526210,-68.90135000000001
1420527675,-68.89454999999998
1420529139,-68.8846
1420530604,-68.88604999999998
1420532069,-68.89969999999998
1420533534,-68.88435
1420534999,-68.8862
1420536464,-68.89824999999999
1420537928,-68.8972
1420539393,-68.89245
1420540858,-68.90410000000001
1420542323,-68.92155000000001
1420543788,-68.90480000000001
1420545253,-68.88524999999998
1420546717,-68.89224999999999
1420548182,-68.90549999999999
1420549647,-68.91025
1420551112,-68.89959999999999
1420552577,-68.8921
1420554042,-68.90045
1420555507,-68.91385
1420556971,-68.91509999999998
1420558436,-68.90944999999998
1420559901,-68.9058
1420561366,-68.89954999999999
1420562831,-68.90190000000003
1420564296,-68.9181
1420565760,-68.9047
1420567225,-68.9043
1420568690,-68.90025
1420570155,-68.91329999999999
1420571620,-68.917
1420573085,-68.91935
1420574550,-68.918
1420576014,-68.90575000000001
1420577479,-68.91125000000002
1420578944,-68.91675000000001
1420580409,-68.91369999999998
1420581874,-68.91999999999999
1420583339,-68.9254
1420584803,-68.93780000000001
1420586268,-68.9289
1420587733,-68.93525000000001
1420589198,-68.94699999999999
1420590663,-68.94130000000001
1420592128,-68.93530000000001
1420593592,-68.92854999999999
1420595057,-68.92875000000001
1420596522,-68.94355
1420597987,-68.93955
1420599452,-68.9353
1420600917,-68.9392
1420602382,-68.93760000000002
1420603846,-68.94309999999999
1420605311,-68.9562
1420606776,-68.95660000000001
1420608241,-68.95985000000002
1420609706,-68.95375
1420611171,-68.95054999999999
1420612635,-68.9497
1420614100,-68.9505
1420615565,-68.9669
1420617030,-68.9679
1420618495,-68.96875000000001
1420619960,-68.9606
1420621425,-68.96119999999999
1420622889,-68.98065
1420624354,-68.97319999999999
1420625819,-68.95819999999999
1420627284,-68.96795000000002
1420628749,-68.98595
1420630214,-68.98365000000001
1420631678,-68.99125000000001
1420633143,-68.985
1420634608,-68.98235
1420636073,-68.98454999999998
1420637538,-68.98405
1420639003,-68.99415000000002
1420640467,-68.99010000000001
1420641932,-68.98859999999999
1420643397,-69.01125
1420644862,-68.99949999999998
1420646327,-68.98949999999999
1420647792,-69.00625
1420649257,-68.99749999999999
1420650721,-69.00099999999999
1420652186,-69.00885
1420653651,-68.95205000000001
1420655116,-69.00695
1420656581,-69.03495000000001
1420658046,-69.02555
1420659510,-69.0119
1420660975,-68.99224999999998
1420662440,-68.98799999999999
1420663905,-69.00814999999999
1420665370,-69.0298
1420666835,-69.0475
1420668300,-69.03405000000001
1420669764,-69.03685
1420671229,-69.05369999999998
1420672694,-69.05395
1420674159,-69.0592
1420675624,-69.06839999999998
1420677089,-69.07860000000001
1420678553,-69.07395000000001
1420680018,-69.07149999999999
1420681483,-69.0763
1420682948,-69.07755
1420684413,-69.07445000000001
1420685878,-69.05550000000001
1420687342,-69.06245
1420688807,-69.07044999999998
1420690272,-69.07989999999998
1420691737,-69.10520000000001
1420693202,-69.09904999999999
1420694667,-69.08519999999999
1420696132,-69.1058
1420697596,-69.10570000000001
1420699061,-69.1094
1420700526,-69.1138
1420701991,-69.10710000000002
1420703456,-69.10355000000001
1420704921,-69.09734999999999
1420706385,-69.1174
1420707850,-69.1251
1420709315,-69.11949999999999
1420710780,-69.12685
1420712245,-69.13879999999999
1420713710,-69.1335
1420715175,-69.13629999999999
1420716639,-69.12845
1420718104,-69.12585
1420719569,-69.14
1420721034,-69.15110000000001
1420722499,-69.14804999999998
1420723964,-69.16635000000001
1420725428,-69.1582
1420726893,-69.15295
1420728358,-69.15670000000001
1420729823,-69.15705000000001
1420731288,-69.16709999999999
1420732753,-69.17159999999998
1420734217,-69.16094999999999
1420735682,-69.17460000000001
1420737147,-69.17085
1420738612,-69.17669999999998
1420740077,-69.1866
1420741542,-69.17099999999999
1420743007,-69.17269999999999
1420744471,-69.18535000000001
1420745936,-69.19439999999999
1420747401,-69.18745000000001
1420748866,-69.19045
1420750331,-69.20284999999998
1420751796,-69.20205000000001
1420753260,-69.19605
1420754725,-69.20479999999999
1420756190,-69.21045000000001
1420757655,-69.21119999999998
1420759120,-69.21390000000001
1420760585,-69.20685
1420762050,-69.21275000000001
1420763514,-69.2204
1420764979,-69.22565
1420766444,-69.22125000000003
1420767909,-69.2281
1420769374,-69.23355000000001
1420770839,-69.22920000000002
1420772303,-69.22295
1420773768,-69.2278
1420775233,-69.23465
1420776698,-69.2272
1420778163,-69.22565
1420779628,-69.23384999999999
1420781092,-69.24714999999999
1420782557,-69.23859999999999
1420784022,-69.23980000000003
1420785487,-69.24425
1420786952,-69.2434
1420788417,-69.24265
1420789882,-69.24815
1420791346,-69.2517
1420792811,-69.25985
1420794276,-69.2479
1420795741,-69.24035
1420797206,-69.25814999999999
1420798671,-69.26474999999999
1420800135,-69.25465
1420801600,-69.2465
1420803065,-69.25730000000001
1420804530,-69.2691
1420805995,-69.25535
1420807460,-69.25900000000001
1420808925,-69.26540000000001
1420810389,-69.25410000000001
1420811854,-69.25870000000003
1420813319,-69.26910000000001
1420814784,-69.268
1420816249,-69.26705
1420817714,-69.26329999999999
1420819178,-69.26665000000001
1420820643,-69.27220000000001
1420822108,-69.2593
1420823573,-69.26559999999999
1420825038,-69.2593
1420826503,-69.26795
1420827967,-69.27114999999999
1420829432,-69.27314999999999
1420830897,-69.2854
1420832362,-69.27735
1420833827,-69.27820000000001
1420835292,-69.28705000000001
1420836757,-69.2769
1420838221,-69.27855000000001
1420839686,-69.27675
1420841151,-69.26125
1420842616,-69.28125000000001
1420844081,-69.2874
1420845546,-69.28975
1420847010,-69.28595000000001
1420848475,-69.28765
1420849940,-69.2959
1420851405,-69.30194999999999
1420852870,-69.28874999999998
1420854335,-69.2867
1420855800,-69.29355000000001
1420857264,-69.2903
1420858729,-69.28200000000001
1420860194,-69.2905
1420861659,-69.29299999999999
1420863124,-69.29945000000002
1420864589,-69.29555
1420866053,-69.28975
1420867518,-69.28385
1420868983,-69.2724
1420870448,-69.297
1420871913,-69.2801
1420873378,-69.2813
1420874842,-69.2807
1420876307,-69.29145
1420877772,-69.29240000000001
1420879237,-69.2889
1420880702,-69.28485000000002
1420882167,-69.28655
1420883632,-69.29775000000002
1420885096,-69.30859999999998
1420886561,-69.30495
1420888026,-69.29594999999998
1420889491,-69.29650000000001
1420890956,-69.29225
1420892421,-69.2913
1420893885,-69.2961
1420895350,-69.29955
1420896815,-69.2971
1420898280,-69.31335000000001
1420899745,-69.29814999999999
1420901210,-69.28835000000001
1420902675,-69.28445
1420904139,-69.2897
1420905604,-69.28939999999999
1420907069,-69.3004
1420908534,-69.30085000000001
1420909999,-69.30064999999999
1420911464,-69.30279999999999
1420912928,-69.30465
1420914393,-69.30154999999999
1420915858,-69.29745000000001
1420917323,-69.2961
1420918788,-69.29175000000001
1420920253,-69.30415
1420921717,-69.31625
1420923182,-69.33475000000001
1420924647,-69.32495
1420926112,-69.30349999999999
1420927577,-69.31655
1420929042,-69.341
1420930507,-69.3395
1420931971,-69.33084999999998
1420933436,-69.3305
1420934901,-69.33874999999999
1420936366,-69.32235
1420937831,-69.33725
1420939296,-69.35365
1420940760,-69.32819999999998
1420942225,-69.3326
1420943690,-69.337
1420945155,-69.3509
1420946620,-69.34819999999999
1420948085,-69.33995
1420949550,-69.33825
1420951014,-69.3379
1420952479,-69.34984999999999
1420953944,-69.36665
1420955409,-69.35415
1420956874,-69.3614
1420958339,-69.35614999999999
1420959803,-69.35935000000002
1420961268,-69.35199999999999
1420962733,-69.37039999999999
1420964198,-69.36035
1420965663,-69.36819999999999
1420967128,-69.38535
1420968592,-69.3917
1420970057,-69.37559999999999
1420971522,-69.37960000000001
1420972987,-69.37575
1420974452,-69.39065000000001
1420975917,-69.38935000000001
1420977382,-69.39120000000001
1420978846,-69.3951
1420980311,-69.39765000000001
1420981776,-69.39099999999999
1420983241,-69.398
1420984706,-69.41535
1420986171,-69.4086
1420987635,-69.40164999999999
1420989100,-69.40984999999998
1420990565,-69.42254999999999
1420992030,-69.43404999999998
1420993495,-69.4299
1420994960,-69.429
1420996425,-69.45115
1420997889,-69.43024999999999
1420999354,-69.4398
1421000819,-69.45155000000001
1421002284,-69.46175000000002
1421003749,-69.46940000000002
1421005214,-69.47630000000001
1421006678,-69.48140000000002
1421008143,-69.47315
1421009608,-69.48115
1421011073,-69.50335000000001
1421012538,-69.49845
1421014003,-69.49019999999999
1421015467,-69.50335
1421016932,-69.49215000000001
1421018397,-69.5077
1421019862,-69.51504999999997
1421021327,-69.52639999999998
1421022792,-69.53020000000001
1421024257,-69.52214999999998
1421025721,-69.52194999999999
1421027186,-69.53130000000002
1421028651,-69.52754999999999
1421030116,-69.54194999999997
1421031581,-69.55234999999999
1421033046,-69.5543
1421034510,-69.5718
1421035975,-69.5952
1421037440,-69.59169999999999
1421038905,-69.57875
1421040370,-69.5882
1421041835,-69.59724999999999
1421043300,-69.6104
1421044764,-69.61505
1421046229,-69.61005
1421047694,-69.61500000000002
1421049159,-69.61614999999999
1421050624,-69.61625000000001
1421052089,-69.63235
1421053553,-69.63580000000002
1421055018,-69.64985
1421056483,-69.6493
1421057948,-69.65595000000002
1421059413,-69.6775
1421060878,-69.68305000000001
1421062342,-69.67005
1421063807,-69.6711
1421065272,-69.68350000000001
1421066737,-69.6934
1421068202,-69.6995
1421069667,-69.69145
1421071132,-69.69815000000001
1421072596,-69.713
1421074061,-69.73455
1421075526,-69.73500000000001
1421076991,-69.72964999999999
1421078456,-69.74504999999998
1421079921,-69.76025
1421081385,-69.75225000000002
1421082850,-69.74180000000001
1421084315,-69.75890000000001
1421085780,-69.76585
1421087245,-69.778
1421088710,-69.78009999999999
1421090175,-69.7947
1421091639,-69.80999999999999
1421093104,-69.817
1421094569,-69.81875
1421096034,-69.8213
1421097499,-69.82464999999999
1421098964,-69.83405
1421100428,-69.82905000000001
1421101893,-69.8337
1421103358,-69.85699999999999
1421104823,-69.86285000000001
1421106288,-69.86615000000002
1421107753,-69.87525000000002
1421109217,-69.8772
1421110682,-69.87904999999999
1421112147,-69.88894999999998
1421113612,-69.89059999999998
1421115077,-69.89569999999999
1421116542,-69.90450000000001
1421118007,-69.9053
1421119471,-69.9109
1421120936,-69.91335
1421122401,-69.93005000000001
1421123866,-69.941
1421125331,-69.9336
1421126796,-69.94364999999999
1421128260,-69.96025
1421129725,-69.9616
1421131190,-69.96049999999998
1421132655,-69.96350000000001
1421134120,-69.96299999999998
1421135585,-69.98814999999999
1421137050,-70.00705
1421138514,-69.99185
1421139979,-70.0026
1421141444,-69.99635
1421142909,-70.00979999999998
1421144374,-70.01829999999998
1421145839,-70.0282
1421147303,-70.03745
1421148768,-70.03875000000001
1421150233,-70.0616
1421151698,-70.0696
1421153163,-70.07275
1421154628,-70.07175000000001
1421156092,-70.09105000000001
1421157557,-70.10119999999999
1421159022,-70.10505000000002
1421160487,-70.10284999999999
1421161952,-70.11685000000001
1421163417,-70.1283
1421164882,-70.12870000000002
1421166346,-70.12809999999999
1421167811,-70.14575
1421169276,-70.15705
1421170741,-70.16525000000001
1421172206,-70.15144999999998
1421173671,-70.1714
1421175135,-70.18535
1421176600,-70.18174999999998
1421178065,-70.18655
1421179530,-70.20004999999999
1421180995,-70.2067
1421182460,-70.21069999999999
1421183925,-70.21879999999999
1421185389,-70.2261
1421186854,-70.23910000000001
1421188319,-70.23604999999999
1421189784,-70.24045
1421191249,-70.24765
1421192714,-70.2556
1421194178,-70.274
1421195643,-70.2735
1421197108,-70.27724999999998
1421198573,-70.28599999999999
1421200038,-70.27495
1421201503,-70.29445000000001
1421202967,-70.32395
1421204432,-70.3315
1421205897,-70.30839999999999
1421207362,-70.33009999999999
1421208827,-70.33759999999998
1421210292,-70.34110000000001
1421211757,-70.35140000000001
1421213221,-70.3456
1421214686,-70.3423
1421216151,-70.36385000000001
1421217616,-70.35734999999998
1421219081,-70.3758
1421220546,-70.3831
1421222010,-70.38949999999998
1421223475,-70.38744999999997
1421224940,-70.38485
1421226405,-70.39920000000002
1421227870,-70.40115
1421229335,-70.40405
1421230800,-70.41335
1421232264,-70.42049999999998
1421233729,-70.4214
1421235194,-70.43030000000002
1421236659,-70.42095
1421238124,-70.42474999999999
1421239589,-70.43965000000001
1421241053,-70.44790000000002
1421242518,-70.43460000000002
1421243983,-70.42705000000001
1421245448,-70.44845000000001
1421246913,-70.44234999999999
1421248378,-70.45580000000001
1421249842,-70.45694999999999
1421251307,-70.458
1421252772,-70.46835
1421254237,-70.45570000000001
1421255702,-70.46119999999999
1421257167,-70.47670000000001
1421258632,-70.4873
1421260096,-70.48539999999998
1421261561,-70.4897
1421263026,-70.49435000000001
1421264491,-70.50115000000002
1421265956,-70.4978
1421267421,-70.49570000000001
1421268885,-70.4987
1421270350,-70.5007
1421271815,-70.5064
1421273280,-70.51329999999999
1421274745,-70.51724999999999
1421276210,-70.51765
1421277675,-70.5148
1421279139,-70.52560000000001
1421280604,-70.52965
1421282069,-70.53035000000001
1421283534,-70.52145
1421284999,-70.53765
1421286464,-70.54775000000001
1421287928,-70.55030000000002
1421289393,-70.55775000000003
1421290858,-70.56045
1421292323,-70.56235000000001
1421293788,-70.56730000000002
1421295253,-70.56435
1421296717,-70.563
1421298182,-70.56909999999999
1421299647,-70.5663
1421301112,-70.57374999999999
1421302577,-70.5681
1421304042,-70.5839
1421305507,-70.58624999999998
1421306971,-70.5932
1421308436,-70.59220000000002
1421309901,-70.5905
